crop_id,scenario_id,SWSOW,SWGERM,SWHARV,DVSEND
6,direct,1,2,1,3
7,direct,1,0,1,3
8,direct,1,2,1,3
9,direct,1,2,1,3
10,direct,1,2,1,3
11,direct,1,2,1,3
12,direct,1,2,1,3
13,direct,1,2,1,3
14,direct,1,0,1,3
15,direct,1,0,1,3
16,direct,1,0,1,3
17,direct,1,0,1,3
18,direct,1,2,1,3
19,direct,1,2,1,3
20,direct,1,0,1,3
21,direct,1,0,1,3
6,indirect,1,1,1,3
7,indirect,1,0,1,3
8,indirect,1,1,1,3
9,indirect,1,1,1,3
10,indirect,1,1,1,3
11,indirect,1,1,1,3
12,indirect,1,1,1,3
13,indirect,1,1,1,3
14,indirect,1,0,1,3
15,indirect,1,0,1,3
16,indirect,1,0,1,3
17,indirect,1,0,1,3
18,indirect,1,1,1,3
19,indirect,1,1,1,3
20,indirect,1,0,1,3
21,indirect,1,0,1,3
