crop_id,INLIST_CSV
1,"TPOT,TACT,TREDDRY,TREDWET,TREDSOL,GWL,TSUM,H[-15.0],PGRASSDM,GRASSDM,PMOWDM,MOWDM,PGRAZDM,GRAZDM,PLOSSDM,LOSSDM"
2,"TPOT,TACT,TREDDRY,TREDWET,TREDSOL,GWL,TSUM,H[-15.0],PGRASSDM,GRASSDM,PMOWDM,MOWDM,PGRAZDM,GRAZDM,PLOSSDM,LOSSDM"
3,"TPOT,TACT,TREDDRY,TREDWET,TREDSOL,GWL,TSUM,H[-15.0],PGRASSDM,GRASSDM,PMOWDM,MOWDM,PGRAZDM,GRAZDM,PLOSSDM,LOSSDM"
4,"TPOT,TACT,TREDDRY,TREDWET,TREDSOL,GWL,TSUM,H[-15.0],PGRASSDM,GRASSDM,PMOWDM,MOWDM,PGRAZDM,GRAZDM,PLOSSDM,LOSSDM"
5,"TPOT,TACT,TREDDRY,TREDWET,TREDSOL,GWL,TSUM,H[-15.0],PGRASSDM,GRASSDM,PMOWDM,MOWDM,PGRAZDM,GRAZDM,PLOSSDM,LOSSDM"
6,"TPOT,TACT,TREDDRY,TREDWET,TREDSOL,GWL,DVS,H[-15.0],CPWDM,CWDM"
7,"TPOT,TACT,TREDDRY,TREDWET,TREDSOL,GWL,DVS,H[-15.0],CPWSO,CWSO"
8,"TPOT,TACT,TREDDRY,TREDWET,TREDSOL,GWL,DVS,H[-15.0],CPWSO,CWSO"
9,"TPOT,TACT,TREDDRY,TREDWET,TREDSOL,GWL,DVS,H[-15.0],CPWSO,CWSO"
10,"TPOT,TACT,TREDDRY,TREDWET,TREDSOL,GWL,DVS,H[-15.0],CPWSO,CWSO"
11,"TPOT,TACT,TREDDRY,TREDWET,TREDSOL,GWL,DVS,H[-15.0],CPWSO,CWSO"
12,"TPOT,TACT,TREDDRY,TREDWET,TREDSOL,GWL,DVS,H[-15.0],CPWSO,CWSO"
13,"TPOT,TACT,TREDDRY,TREDWET,TREDSOL,GWL,DVS,H[-15.0]"
14,"TPOT,TACT,TREDDRY,TREDWET,TREDSOL,GWL,DVS,H[-15.0]"
15,"TPOT,TACT,TREDDRY,TREDWET,TREDSOL,GWL,DVS,H[-15.0]"
16,"TPOT,TACT,TREDDRY,TREDWET,TREDSOL,GWL,DVS,H[-15.0]"
17,"TPOT,TACT,TREDDRY,TREDWET,TREDSOL,GWL,DVS,H[-15.0]"
18,"TPOT,TACT,TREDDRY,TREDWET,TREDSOL,GWL,DVS,H[-15.0]"
19,"TPOT,TACT,TREDDRY,TREDWET,TREDSOL,GWL,DVS,H[-15.0]"
20,"TPOT,TACT,TREDDRY,TREDWET,TREDSOL,GWL,DVS,H[-15.0]"
21,"TPOT,TACT,TREDDRY,TREDWET,TREDSOL,GWL,DVS,H[-15.0]"
22,"TPOT,TACT,TREDDRY,TREDWET,TREDSOL,GWL,DVS,H[-15.0]"
23,"TPOT,TACT,TREDDRY,TREDWET,TREDSOL,GWL,DVS,H[-15.0]"
