soil_id,ISUBLAY,ISOILLAY,HSUBLAY,NCOMP
0,1,1,15,15
0,2,2,25,25
0,3,3,10,10
0,4,3,14,7
0,5,4,16,8
0,6,5,15,3
0,7,6,45,9
0,8,6,60,6
0,9,6,100,5
0,10,6,300,12
1,1,1,25,25
1,2,2,15,15
1,3,3,10,10
1,4,3,14,7
1,5,4,8,4
1,6,5,8,4
1,7,5,15,3
1,8,6,45,9
1,9,6,60,6
1,10,6,100,5
1,11,6,300,12
2,1,1,15,15
2,2,2,15,15
2,3,3,20,20
2,4,3,4,2
2,5,4,26,13
2,6,5,25,5
2,7,6,25,5
2,8,7,10,2
2,9,7,60,6
2,10,7,100,5
2,11,7,300,12
3,1,1,15,15
3,2,2,15,15
3,3,3,20,20
3,4,3,4,2
3,5,4,26,13
3,6,5,25,5
3,7,6,25,5
3,8,7,10,2
3,9,7,60,6
3,10,7,100,5
3,11,7,300,12
4,1,1,21,21
4,2,2,20,20
4,3,3,9,9
4,4,3,16,8
4,5,4,14,7
4,6,4,10,2
4,7,5,25,5
4,8,6,20,4
4,9,7,5,1
4,10,7,60,6
4,11,7,100,5
4,12,7,300,12
5,1,1,25,25
5,2,2,15,15
5,3,3,10,10
5,4,3,14,7
5,5,4,16,8
5,6,4,5,1
5,7,5,25,5
5,8,6,25,5
5,9,7,5,1
5,10,7,60,6
5,11,7,100,5
5,12,7,300,12
6,1,1,15,15
6,2,2,15,15
6,3,3,20,20
6,4,3,4,2
6,5,4,26,13
6,6,5,25,5
6,7,6,25,5
6,8,7,10,2
6,9,7,60,6
6,10,7,100,5
6,11,7,300,12
7,1,1,25,25
7,2,2,15,15
7,3,3,10,10
7,4,3,14,7
7,5,4,8,4
7,6,5,8,4
7,7,5,15,3
7,8,6,45,9
7,9,6,60,6
7,10,6,100,5
7,11,6,300,12
8,1,1,25,25
8,2,2,15,15
8,3,3,10,10
8,4,3,4,2
8,5,4,16,8
8,6,5,8,4
8,7,6,2,1
8,8,6,60,12
8,9,6,60,6
8,10,6,100,5
8,11,6,300,12
9,1,1,25,25
9,2,2,15,15
9,3,3,10,10
9,4,3,14,7
9,5,4,8,4
9,6,5,8,4
9,7,5,15,3
9,8,6,45,9
9,9,6,60,6
9,10,6,100,5
9,11,6,300,12
10,1,1,15,15
10,2,2,15,15
10,3,3,20,20
10,4,3,4,2
10,5,4,26,13
10,6,5,25,5
10,7,6,35,7
10,8,6,60,6
10,9,6,100,5
10,10,6,300,12
11,1,1,15,15
11,2,2,15,15
11,3,3,20,20
11,4,3,4,2
11,5,4,26,13
11,6,5,25,5
11,7,6,25,5
11,8,7,10,2
11,9,7,60,6
11,10,7,100,5
11,11,7,300,12
12,1,1,25,25
12,2,2,15,15
12,3,3,10,10
12,4,3,14,7
12,5,4,8,4
12,6,5,8,4
12,7,5,15,3
12,8,6,45,9
12,9,6,60,6
12,10,6,100,5
12,11,6,300,12
13,1,1,25,25
13,2,2,15,15
13,3,3,10,10
13,4,3,14,7
13,5,4,8,4
13,6,5,8,4
13,7,5,15,3
13,8,6,45,9
13,9,6,60,6
13,10,6,100,5
13,11,6,300,12
14,1,1,25,25
14,2,2,15,15
14,3,3,10,10
14,4,3,14,7
14,5,4,8,4
14,6,5,8,4
14,7,5,15,3
14,8,6,45,9
14,9,6,60,6
14,10,6,100,5
14,11,6,300,12
15,1,1,25,25
15,2,2,15,15
15,3,3,10,10
15,4,3,14,7
15,5,4,8,4
15,6,5,8,4
15,7,5,15,3
15,8,6,45,9
15,9,6,60,6
15,10,6,100,5
15,11,6,300,12
16,1,1,25,25
16,2,2,15,15
16,3,3,10,10
16,4,3,14,7
16,5,4,16,8
16,6,4,5,1
16,7,5,25,5
16,8,6,25,5
16,9,7,5,1
16,10,7,60,6
16,11,7,100,5
16,12,7,300,12
17,1,1,25,25
17,2,2,15,15
17,3,3,10,10
17,4,3,14,7
17,5,4,16,8
17,6,4,5,1
17,7,5,25,5
17,8,6,25,5
17,9,7,5,1
17,10,7,60,6
17,11,7,100,5
17,12,7,300,12
18,1,1,25,25
18,2,2,15,15
18,3,3,10,10
18,4,3,14,7
18,5,4,16,8
18,6,4,5,1
18,7,5,25,5
18,8,6,25,5
18,9,7,5,1
18,10,7,60,6
18,11,7,100,5
18,12,7,300,12
19,1,1,25,25
19,2,2,15,15
19,3,3,10,10
19,4,3,14,7
19,5,4,16,8
19,6,4,5,1
19,7,5,25,5
19,8,6,25,5
19,9,7,5,1
19,10,7,60,6
19,11,7,100,5
19,12,7,300,12
20,1,1,25,25
20,2,2,15,15
20,3,3,10,10
20,4,3,4,2
20,5,4,16,8
20,6,5,8,4
20,7,6,2,1
20,8,6,60,12
20,9,6,60,6
20,10,6,100,5
20,11,6,300,12
21,1,1,25,25
21,2,2,15,15
21,3,3,10,10
21,4,3,14,7
21,5,4,16,8
21,6,4,5,1
21,7,5,25,5
21,8,6,25,5
21,9,7,5,1
21,10,7,60,6
21,11,7,100,5
21,12,7,300,12
22,1,1,25,25
22,2,2,15,15
22,3,3,10,10
22,4,3,14,7
22,5,4,16,8
22,6,4,10,2
22,7,5,25,5
22,8,6,25,5
22,9,7,60,6
22,10,7,100,5
22,11,7,300,12
23,1,1,25,25
23,2,2,15,15
23,3,3,10,10
23,4,3,4,2
23,5,4,16,8
23,6,5,10,5
23,7,5,15,3
23,8,6,45,9
23,9,6,60,6
23,10,6,100,5
23,11,6,300,12
24,1,1,25,25
24,2,2,15,15
24,3,3,10,10
24,4,3,14,7
24,5,4,16,8
24,6,4,10,2
24,7,5,25,5
24,8,6,25,5
24,9,6,60,6
24,10,6,100,5
24,11,6,300,12
25,1,1,25,25
25,2,2,15,15
25,3,3,10,10
25,4,3,14,7
25,5,4,16,8
25,6,4,10,2
25,7,5,25,5
25,8,6,25,5
25,9,6,60,6
25,10,6,100,5
25,11,6,300,12
26,1,1,25,25
26,2,2,15,15
26,3,3,10,10
26,4,3,14,7
26,5,4,16,8
26,6,4,35,7
26,7,5,25,5
26,8,5,60,6
26,9,5,100,5
26,10,5,300,12
27,1,1,15,15
27,2,2,15,15
27,3,3,20,20
27,4,3,4,2
27,5,4,26,13
27,6,5,15,3
27,7,6,45,9
27,8,6,60,6
27,9,6,100,5
27,10,6,300,12
28,1,1,20,20
28,2,2,15,15
28,3,3,15,15
28,4,3,4,2
28,5,4,26,13
28,6,5,50,10
28,7,6,10,2
28,8,6,60,6
28,9,6,100,5
28,10,6,300,12
29,1,1,25,25
29,2,2,25,25
29,3,3,30,15
29,4,3,10,2
29,5,4,25,5
29,6,5,25,5
29,7,5,10,1
29,8,6,50,5
29,9,6,100,5
29,10,6,300,12
30,1,1,20,20
30,2,2,15,15
30,3,3,15,15
30,4,3,4,2
30,5,4,16,8
30,6,5,10,5
30,7,5,5,1
30,8,6,55,11
30,9,6,60,6
30,10,6,100,5
30,11,6,300,12
31,1,1,15,15
31,2,2,15,15
31,3,3,15,15
31,4,4,5,5
31,5,4,20,10
31,6,5,10,5
31,7,5,15,3
31,8,6,45,9
31,9,6,60,6
31,10,6,100,5
31,11,6,300,12
32,1,1,15,15
32,2,2,15,15
32,3,3,20,20
32,4,4,14,7
32,5,5,16,8
32,6,5,10,2
32,7,6,25,5
32,8,7,25,5
32,9,7,60,6
32,10,7,100,5
32,11,7,300,12
33,1,1,15,15
33,2,2,15,15
33,3,3,15,15
33,4,4,5,5
33,5,4,20,10
33,6,5,10,5
33,7,5,15,3
33,8,6,25,5
33,9,7,20,4
33,10,7,60,6
33,11,7,100,5
33,12,7,300,12
34,1,1,15,15
34,2,2,15,15
34,3,3,20,20
34,4,3,4,2
34,5,4,26,13
34,6,5,25,5
34,7,6,35,7
34,8,6,60,6
34,9,6,100,5
34,10,6,300,12
35,1,1,15,15
35,2,2,15,15
35,3,3,15,15
35,4,4,5,5
35,5,4,20,10
35,6,5,10,5
35,7,5,15,3
35,8,6,25,5
35,9,7,20,4
35,10,7,60,6
35,11,7,100,5
35,12,7,300,12
36,1,1,6,6
36,2,2,7,7
36,3,3,12,12
36,4,4,14,14
36,5,5,11,11
36,6,6,12,6
36,7,7,18,9
36,8,7,60,12
36,9,7,60,6
36,10,7,100,5
36,11,7,300,12
37,1,1,15,15
37,2,2,15,15
37,3,3,20,20
37,4,3,4,2
37,5,4,26,13
37,6,5,25,5
37,7,6,35,7
37,8,6,60,6
37,9,6,100,5
37,10,6,300,12
38,1,1,15,15
38,2,2,15,15
38,3,3,20,20
38,4,3,4,2
38,5,4,26,13
38,6,5,25,5
38,7,6,35,7
38,8,6,60,6
38,9,6,100,5
38,10,6,300,12
39,1,1,15,15
39,2,2,15,15
39,3,3,15,15
39,4,4,5,5
39,5,4,20,10
39,6,5,10,5
39,7,5,5,1
39,8,6,25,5
39,9,7,30,6
39,10,7,60,6
39,11,7,100,5
39,12,7,300,12
40,1,1,15,15
40,2,2,15,15
40,3,3,15,15
40,4,4,5,5
40,5,4,20,10
40,6,5,10,5
40,7,5,15,3
40,8,6,25,5
40,9,7,20,4
40,10,7,60,6
40,11,7,100,5
40,12,7,300,12
41,1,1,15,15
41,2,2,15,15
41,3,3,15,15
41,4,4,5,5
41,5,4,20,10
41,6,5,10,5
41,7,5,15,3
41,8,6,25,5
41,9,7,20,4
41,10,7,60,6
41,11,7,100,5
41,12,7,300,12
42,1,1,15,15
42,2,2,15,15
42,3,3,20,20
42,4,3,4,2
42,5,4,26,13
42,6,5,25,5
42,7,6,35,7
42,8,6,60,6
42,9,6,100,5
42,10,6,300,12
43,1,1,15,15
43,2,2,15,15
43,3,3,20,20
43,4,3,4,2
43,5,4,26,13
43,6,5,25,5
43,7,6,35,7
43,8,6,60,6
43,9,6,100,5
43,10,6,300,12
44,1,1,15,15
44,2,2,15,15
44,3,3,20,20
44,4,3,4,2
44,5,4,26,13
44,6,5,25,5
44,7,6,35,7
44,8,6,60,6
44,9,6,100,5
44,10,6,300,12
45,1,1,15,15
45,2,2,15,15
45,3,3,20,20
45,4,3,4,2
45,5,4,26,13
45,6,5,25,5
45,7,6,35,7
45,8,6,60,6
45,9,6,100,5
45,10,6,300,12
46,1,1,15,15
46,2,2,15,15
46,3,3,20,20
46,4,3,4,2
46,5,4,26,13
46,6,5,25,5
46,7,6,35,7
46,8,6,60,6
46,9,6,100,5
46,10,6,300,12
47,1,1,15,15
47,2,2,15,15
47,3,3,20,20
47,4,3,4,2
47,5,4,26,13
47,6,5,25,5
47,7,6,35,7
47,8,6,60,6
47,9,6,100,5
47,10,6,300,12
48,1,1,25,25
48,2,2,15,15
48,3,3,10,10
48,4,3,4,2
48,5,4,26,13
48,6,5,25,5
48,7,6,35,7
48,8,6,60,6
48,9,6,100,5
48,10,6,300,12
49,1,1,15,15
49,2,2,15,15
49,3,3,15,15
49,4,4,5,5
49,5,4,20,10
49,6,5,10,5
49,7,5,15,3
49,8,6,45,9
49,9,6,60,6
49,10,6,100,5
49,11,6,300,12
50,1,1,15,15
50,2,2,15,15
50,3,3,15,15
50,4,4,5,5
50,5,4,20,10
50,6,5,10,5
50,7,5,15,3
50,8,6,45,9
50,9,6,60,6
50,10,6,100,5
50,11,6,300,12
51,1,1,15,15
51,2,2,15,15
51,3,3,15,15
51,4,4,5,5
51,5,4,20,10
51,6,5,10,5
51,7,5,15,3
51,8,6,45,9
51,9,6,60,6
51,10,6,100,5
51,11,6,300,12
52,1,1,25,25
52,2,2,15,15
52,3,3,10,10
52,4,3,4,2
52,5,4,26,13
52,6,5,25,5
52,7,6,35,7
52,8,6,60,6
52,9,6,100,5
52,10,6,300,12
53,1,1,15,15
53,2,2,15,15
53,3,3,20,20
53,4,3,4,2
53,5,4,20,10
53,6,5,6,3
53,7,5,10,2
53,8,6,25,5
53,9,7,25,5
53,10,7,60,6
53,11,7,100,5
53,12,7,300,12
54,1,1,15,15
54,2,2,15,15
54,3,3,15,15
54,4,4,5,5
54,5,4,20,10
54,6,5,10,5
54,7,5,15,3
54,8,6,45,9
54,9,6,60,6
54,10,6,100,5
54,11,6,300,12
55,1,1,15,15
55,2,2,15,15
55,3,3,15,15
55,4,4,5,5
55,5,4,20,10
55,6,5,10,5
55,7,5,15,3
55,8,6,45,9
55,9,6,60,6
55,10,6,100,5
55,11,6,300,12
56,1,1,15,15
56,2,2,15,15
56,3,3,15,15
56,4,4,5,5
56,5,4,20,10
56,6,5,10,5
56,7,5,15,3
56,8,6,45,9
56,9,6,60,6
56,10,6,100,5
56,11,6,300,12
57,1,1,15,15
57,2,2,15,15
57,3,3,15,15
57,4,4,5,5
57,5,4,20,10
57,6,5,10,5
57,7,5,15,3
57,8,6,25,5
57,9,7,20,4
57,10,7,60,6
57,11,7,100,5
57,12,7,300,12
58,1,1,15,15
58,2,2,15,15
58,3,3,20,20
58,4,3,4,2
58,5,4,26,13
58,6,5,25,5
58,7,6,35,7
58,8,6,60,6
58,9,6,100,5
58,10,6,300,12
59,1,1,15,15
59,2,2,15,15
59,3,3,20,20
59,4,3,4,2
59,5,4,26,13
59,6,5,25,5
59,7,6,35,7
59,8,6,60,6
59,9,6,100,5
59,10,6,300,12
60,1,1,15,15
60,2,2,15,15
60,3,3,15,15
60,4,4,5,5
60,5,4,20,10
60,6,5,10,5
60,7,5,15,3
60,8,6,25,5
60,9,7,20,4
60,10,7,60,6
60,11,7,100,5
60,12,7,300,12
61,1,1,15,15
61,2,2,15,15
61,3,3,20,20
61,4,3,4,2
61,5,4,26,13
61,6,5,25,5
61,7,6,35,7
61,8,6,60,6
61,9,6,100,5
61,10,6,300,12
62,1,1,15,15
62,2,2,15,15
62,3,3,15,15
62,4,4,5,5
62,5,4,20,10
62,6,5,10,5
62,7,5,15,3
62,8,6,25,5
62,9,7,20,4
62,10,7,60,6
62,11,7,100,5
62,12,7,300,12
63,1,1,15,15
63,2,2,15,15
63,3,3,15,15
63,4,4,5,5
63,5,4,20,10
63,6,5,10,5
63,7,5,15,3
63,8,6,25,5
63,9,7,20,4
63,10,7,60,6
63,11,7,100,5
63,12,7,300,12
64,1,1,15,15
64,2,2,15,15
64,3,3,15,15
64,4,4,5,5
64,5,4,20,10
64,6,5,10,5
64,7,5,15,3
64,8,6,25,5
64,9,7,20,4
64,10,7,60,6
64,11,7,100,5
64,12,7,300,12
65,1,1,15,15
65,2,2,15,15
65,3,3,15,15
65,4,4,5,5
65,5,4,20,10
65,6,5,10,5
65,7,5,15,3
65,8,6,45,9
65,9,6,60,6
65,10,6,100,5
65,11,6,300,12
66,1,1,15,15
66,2,2,15,15
66,3,3,20,20
66,4,4,24,12
66,5,5,6,3
66,6,5,20,4
66,7,6,25,5
66,8,7,15,3
66,9,7,60,6
66,10,7,100,5
66,11,7,300,12
67,1,1,15,15
67,2,2,15,15
67,3,3,20,20
67,4,4,24,12
67,5,5,6,3
67,6,5,20,4
67,7,6,25,5
67,8,7,15,3
67,9,7,60,6
67,10,7,100,5
67,11,7,300,12
68,1,1,15,15
68,2,2,15,15
68,3,3,20,20
68,4,4,24,12
68,5,5,6,3
68,6,5,20,4
68,7,6,25,5
68,8,7,15,3
68,9,7,60,6
68,10,7,100,5
68,11,7,300,12
69,1,1,15,15
69,2,2,15,15
69,3,3,20,20
69,4,4,24,12
69,5,5,6,3
69,6,5,20,4
69,7,6,25,5
69,8,7,15,3
69,9,7,60,6
69,10,7,100,5
69,11,7,300,12
70,1,1,25,25
70,2,2,15,15
70,3,3,10,10
70,4,3,10,5
70,5,4,20,10
70,6,4,20,4
70,7,5,40,8
70,8,5,60,6
70,9,5,100,5
70,10,5,300,12
71,1,1,25,25
71,2,2,15,15
71,3,3,10,10
71,4,3,10,5
71,5,4,20,10
71,6,4,20,4
71,7,5,40,8
71,8,5,60,6
71,9,5,100,5
71,10,5,300,12
72,1,1,25,25
72,2,2,15,15
72,3,3,10,10
72,4,3,10,5
72,5,4,20,10
72,6,4,20,4
72,7,5,40,8
72,8,5,60,6
72,9,5,100,5
72,10,5,300,12
73,1,1,15,15
73,2,2,15,15
73,3,3,12,12
73,4,4,8,8
73,5,4,16,8
73,6,5,8,4
73,7,6,6,3
73,8,6,60,12
73,9,6,60,6
73,10,6,100,5
73,11,6,300,12
74,1,1,15,15
74,2,2,15,15
74,3,3,12,12
74,4,4,8,8
74,5,4,16,8
74,6,5,8,4
74,7,6,6,3
74,8,6,60,12
74,9,6,60,6
74,10,6,100,5
74,11,6,300,12
75,1,1,25,25
75,2,2,15,15
75,3,3,10,10
75,4,3,10,5
75,5,4,20,10
75,6,4,20,4
75,7,5,40,8
75,8,5,60,6
75,9,5,100,5
75,10,5,300,12
76,1,1,15,15
76,2,2,15,15
76,3,3,12,12
76,4,4,8,8
76,5,4,16,8
76,6,5,8,4
76,7,6,6,3
76,8,6,60,12
76,9,6,60,6
76,10,6,100,5
76,11,6,300,12
77,1,1,25,25
77,2,2,25,25
77,3,2,14,7
77,4,3,16,8
77,5,4,25,5
77,6,5,35,7
77,7,5,60,6
77,8,5,100,5
77,9,5,300,12
78,1,1,25,25
78,2,2,25,25
78,3,3,24,12
78,4,4,6,3
78,5,4,10,2
78,6,5,5,1
78,7,6,45,9
78,8,6,60,6
78,9,6,100,5
78,10,6,300,12
79,1,1,15,15
79,2,2,15,15
79,3,3,20,20
79,4,3,4,2
79,5,4,26,13
79,6,5,25,5
79,7,6,35,7
79,8,6,60,6
79,9,6,100,5
79,10,6,300,12
80,1,1,25,25
80,2,2,15,15
80,3,3,10,10
80,4,3,4,2
80,5,4,26,13
80,6,5,15,3
80,7,6,45,9
80,8,6,60,6
80,9,6,100,5
80,10,6,300,12
81,1,1,25,25
81,2,2,15,15
81,3,3,10,10
81,4,3,4,2
81,5,4,16,8
81,6,5,10,5
81,7,5,15,3
81,8,6,45,9
81,9,6,10,1
81,10,7,50,5
81,11,7,100,5
81,12,7,300,12
82,1,1,25,25
82,2,2,15,15
82,3,3,10,10
82,4,3,4,2
82,5,4,16,8
82,6,5,10,5
82,7,5,15,3
82,8,6,45,9
82,9,6,10,1
82,10,7,50,5
82,11,7,100,5
82,12,7,300,12
83,1,1,15,15
83,2,2,15,15
83,3,3,20,20
83,4,3,4,2
83,5,4,26,13
83,6,5,15,3
83,7,6,45,9
83,8,6,60,6
83,9,6,100,5
83,10,6,300,12
84,1,1,25,25
84,2,2,25,25
84,3,3,24,12
84,4,4,6,3
84,5,4,20,4
84,6,5,40,8
84,7,5,60,6
84,8,5,100,5
84,9,5,300,12
85,1,1,20,20
85,2,2,15,15
85,3,3,15,15
85,4,3,4,2
85,5,4,16,8
85,6,5,10,5
85,7,5,15,3
85,8,6,45,9
85,9,6,60,6
85,10,6,100,5
85,11,6,300,12
86,1,1,28,28
86,2,2,22,22
86,3,2,6,3
86,4,3,24,12
86,5,3,15,3
86,6,4,45,9
86,7,4,60,6
86,8,4,100,5
86,9,4,300,12
87,1,1,25,25
87,2,2,15,15
87,3,3,10,10
87,4,3,4,2
87,5,4,26,13
87,6,4,15,3
87,7,5,15,3
87,8,6,15,3
87,9,7,15,3
87,10,7,60,6
87,11,7,100,5
87,12,7,300,12
88,1,1,25,25
88,2,2,15,15
88,3,3,10,10
88,4,3,4,2
88,5,4,16,8
88,6,5,10,5
88,7,5,15,3
88,8,6,45,9
88,9,6,10,1
88,10,7,50,5
88,11,7,100,5
88,12,7,300,12
89,1,1,50,50
89,2,2,28,14
89,3,3,2,1
89,4,4,10,2
89,5,5,15,3
89,6,6,30,6
89,7,7,5,1
89,8,7,60,6
89,9,7,100,5
89,10,7,300,12
90,1,1,40,40
90,2,2,10,10
90,3,2,30,15
90,4,3,20,4
90,5,4,25,5
90,6,5,15,3
90,7,6,60,6
90,8,6,100,5
90,9,6,300,12
91,1,1,25,25
91,2,2,25,25
91,3,2,8,4
91,4,3,20,10
91,5,4,2,1
91,6,4,30,6
91,7,5,30,6
91,8,5,60,6
91,9,5,100,5
91,10,5,300,12
92,1,1,25,25
92,2,2,15,15
92,3,3,10,10
92,4,3,4,2
92,5,4,16,8
92,6,5,10,5
92,7,5,15,3
92,8,6,45,9
92,9,6,10,1
92,10,7,50,5
92,11,7,100,5
92,12,7,300,12
93,1,1,25,25
93,2,2,15,15
93,3,3,10,10
93,4,3,4,2
93,5,4,26,13
93,6,4,5,1
93,7,5,25,5
93,8,6,30,6
93,9,6,60,6
93,10,6,100,5
93,11,6,300,12
94,1,1,25,25
94,2,2,25,25
94,3,3,14,7
94,4,4,16,8
94,5,4,10,2
94,6,5,50,10
94,7,5,60,6
94,8,5,100,5
94,9,5,300,12
95,1,1,15,15
95,2,2,15,15
95,3,3,15,15
95,4,4,5,5
95,5,4,20,10
95,6,5,10,5
95,7,5,15,3
95,8,6,45,9
95,9,6,60,6
95,10,6,100,5
95,11,6,300,12
96,1,1,15,15
96,2,2,15,15
96,3,3,20,20
96,4,3,4,2
96,5,4,26,13
96,6,5,15,3
96,7,6,45,9
96,8,6,60,6
96,9,6,100,5
96,10,6,300,12
97,1,1,15,15
97,2,2,15,15
97,3,3,20,20
97,4,3,4,2
97,5,4,26,13
97,6,5,15,3
97,7,6,45,9
97,8,6,60,6
97,9,6,100,5
97,10,6,300,12
98,1,1,25,25
98,2,2,25,25
98,3,3,24,12
98,4,4,6,3
98,5,4,20,4
98,6,5,40,8
98,7,5,60,6
98,8,5,100,5
98,9,5,300,12
99,1,1,15,15
99,2,2,15,15
99,3,3,15,15
99,4,4,5,5
99,5,4,10,5
99,6,5,20,10
99,7,5,5,1
99,8,6,25,5
99,9,7,30,6
99,10,7,60,6
99,11,7,100,5
99,12,7,300,12
100,1,1,25,25
100,2,2,25,25
100,3,3,14,7
100,4,4,16,8
100,5,4,10,2
100,6,5,20,4
100,7,6,30,6
100,8,6,60,6
100,9,6,100,5
100,10,6,300,12
101,1,1,20,20
101,2,2,15,15
101,3,3,15,15
101,4,3,4,2
101,5,4,16,8
101,6,5,10,5
101,7,5,15,3
101,8,6,45,9
101,9,6,60,6
101,10,6,100,5
101,11,6,300,12
102,1,1,15,15
102,2,2,15,15
102,3,3,15,15
102,4,4,5,5
102,5,4,10,5
102,6,5,20,10
102,7,5,5,1
102,8,6,25,5
102,9,7,30,6
102,10,7,60,6
102,11,7,100,5
102,12,7,300,12
103,1,1,25,25
103,2,2,15,15
103,3,3,10,10
103,4,3,4,2
103,5,4,26,13
103,6,4,15,3
103,7,5,15,3
103,8,6,15,3
103,9,7,15,3
103,10,7,60,6
103,11,7,100,5
103,12,7,300,12
104,1,1,15,15
104,2,2,15,15
104,3,3,15,15
104,4,4,5,5
104,5,4,20,10
104,6,5,10,5
104,7,5,15,3
104,8,6,45,9
104,9,6,60,6
104,10,6,100,5
104,11,6,300,12
105,1,1,25,25
105,2,2,15,15
105,3,3,10,10
105,4,3,4,2
105,5,4,26,13
105,6,5,25,5
105,7,6,35,7
105,8,6,60,6
105,9,6,100,5
105,10,6,300,12
106,1,1,25,25
106,2,2,15,15
106,3,3,10,10
106,4,3,4,2
106,5,4,26,13
106,6,5,25,5
106,7,6,35,7
106,8,6,60,6
106,9,6,100,5
106,10,6,300,12
107,1,1,25,25
107,2,2,25,25
107,3,3,24,12
107,4,4,6,3
107,5,4,10,2
107,6,5,15,3
107,7,6,35,7
107,8,6,60,6
107,9,6,100,5
107,10,6,300,12
108,1,1,20,20
108,2,2,20,20
108,3,3,10,10
108,4,3,6,3
108,5,4,24,12
108,6,4,10,2
108,7,5,25,5
108,8,6,25,5
108,9,6,60,6
108,10,6,100,5
108,11,6,300,12
109,1,1,15,15
109,2,2,15,15
109,3,3,15,15
109,4,4,5,5
109,5,4,10,5
109,6,5,14,7
109,7,6,6,3
109,8,6,60,12
109,9,6,60,6
109,10,6,100,5
109,11,6,300,12
110,1,1,25,25
110,2,2,15,15
110,3,3,10,10
110,4,3,4,2
110,5,4,16,8
110,6,5,10,5
110,7,5,15,3
110,8,6,45,9
110,9,6,60,6
110,10,6,100,5
110,11,6,300,12
111,1,1,25,25
111,2,2,15,15
111,3,3,10,10
111,4,3,4,2
111,5,4,16,8
111,6,5,10,5
111,7,5,60,12
111,8,5,60,6
111,9,5,100,5
111,10,5,300,12
112,1,1,25,25
112,2,2,25,25
112,3,3,24,12
112,4,4,6,3
112,5,4,20,4
112,6,5,15,3
112,7,6,25,5
112,8,6,60,6
112,9,6,100,5
112,10,6,300,12
113,1,1,15,15
113,2,2,15,15
113,3,3,15,15
113,4,4,5,5
113,5,4,20,10
113,6,5,10,5
113,7,5,15,3
113,8,6,45,9
113,9,6,60,6
113,10,6,100,5
113,11,6,300,12
114,1,1,15,15
114,2,2,15,15
114,3,3,15,15
114,4,4,5,5
114,5,4,30,15
114,6,4,5,1
114,7,5,15,3
114,8,6,40,8
114,9,6,60,6
114,10,6,100,5
114,11,7,300,12
115,1,1,25,25
115,2,2,15,15
115,3,3,10,10
115,4,3,4,2
115,5,4,26,13
115,6,5,25,5
115,7,6,35,7
115,8,6,60,6
115,9,6,100,5
115,10,6,300,12
116,1,1,25,25
116,2,2,15,15
116,3,3,10,10
116,4,3,4,2
116,5,4,26,13
116,6,5,25,5
116,7,6,35,7
116,8,6,60,6
116,9,6,100,5
116,10,6,300,12
117,1,1,25,25
117,2,2,15,15
117,3,3,10,10
117,4,3,4,2
117,5,4,26,13
117,6,5,25,5
117,7,6,35,7
117,8,6,60,6
117,9,6,100,5
117,10,6,300,12
118,1,1,25,25
118,2,2,15,15
118,3,3,10,10
118,4,3,4,2
118,5,4,26,13
118,6,5,40,8
118,7,6,20,4
118,8,7,60,6
118,9,7,100,5
118,10,7,300,12
119,1,1,15,15
119,2,2,15,15
119,3,3,20,20
119,4,3,4,2
119,5,4,26,13
119,6,5,15,3
119,7,6,45,9
119,8,6,60,6
119,9,6,100,5
119,10,6,300,12
120,1,1,25,25
120,2,2,25,25
120,3,3,24,12
120,4,4,6,3
120,5,4,20,4
120,6,5,25,5
120,7,6,15,3
120,8,6,60,6
120,9,6,100,5
120,10,6,300,12
121,1,1,25,25
121,2,2,15,15
121,3,3,10,10
121,4,3,14,7
121,5,4,16,8
121,6,4,10,2
121,7,5,25,5
121,8,6,25,5
121,9,6,60,6
121,10,6,100,5
121,11,6,300,12
122,1,1,25,25
122,2,2,15,15
122,3,3,10,10
122,4,3,14,7
122,5,4,16,8
122,6,4,10,2
122,7,5,25,5
122,8,6,25,5
122,9,6,60,6
122,10,6,100,5
122,11,6,300,12
123,1,1,25,25
123,2,2,15,15
123,3,3,10,10
123,4,3,14,7
123,5,4,16,8
123,6,4,25,5
123,7,5,35,7
123,8,5,60,6
123,9,5,100,5
123,10,5,300,12
124,1,1,25,25
124,2,2,15,15
124,3,3,10,10
124,4,3,14,7
124,5,4,16,8
124,6,4,25,5
124,7,5,35,7
124,8,5,60,6
124,9,5,100,5
124,10,5,300,12
125,1,1,25,25
125,2,2,8,8
125,3,3,17,17
125,4,3,8,4
125,5,4,22,11
125,6,4,15,3
125,7,5,15,3
125,8,6,30,6
125,9,6,60,6
125,10,6,100,5
125,11,6,300,12
126,1,1,25,25
126,2,2,15,15
126,3,3,10,10
126,4,3,14,7
126,5,4,16,8
126,6,4,10,2
126,7,5,25,5
126,8,6,25,5
126,9,6,60,6
126,10,6,100,5
126,11,6,300,12
127,1,1,25,25
127,2,2,15,15
127,3,3,10,10
127,4,3,14,7
127,5,4,16,8
127,6,4,10,2
127,7,5,25,5
127,8,6,25,5
127,9,6,60,6
127,10,6,100,5
127,11,6,300,12
128,1,1,25,25
128,2,2,15,15
128,3,3,10,10
128,4,3,4,2
128,5,4,26,13
128,6,5,25,5
128,7,6,25,5
128,8,7,10,2
128,9,7,60,6
128,10,7,100,5
128,11,7,300,12
129,1,1,25,25
129,2,2,15,15
129,3,3,10,10
129,4,3,4,2
129,5,4,26,13
129,6,5,25,5
129,7,6,25,5
129,8,7,10,2
129,9,7,60,6
129,10,7,100,5
129,11,7,300,12
130,1,1,25,25
130,2,2,15,15
130,3,3,10,10
130,4,3,4,2
130,5,4,26,13
130,6,5,25,5
130,7,6,25,5
130,8,7,10,2
130,9,7,60,6
130,10,7,100,5
130,11,7,300,12
131,1,1,25,25
131,2,2,15,15
131,3,3,10,10
131,4,3,4,2
131,5,4,26,13
131,6,5,25,5
131,7,6,35,7
131,8,6,60,6
131,9,6,100,5
131,10,6,300,12
132,1,1,40,40
132,2,2,10,10
132,3,2,14,7
132,4,3,16,8
132,5,4,40,8
132,6,5,20,4
132,7,5,60,6
132,8,5,100,5
132,9,5,300,12
133,1,1,25,25
133,2,2,15,15
133,3,3,10,10
133,4,3,4,2
133,5,4,26,13
133,6,5,25,5
133,7,6,35,7
133,8,6,60,6
133,9,6,100,5
133,10,6,300,12
134,1,1,25,25
134,2,2,15,15
134,3,3,10,10
134,4,3,4,2
134,5,4,26,13
134,6,5,25,5
134,7,6,35,7
134,8,6,60,6
134,9,6,100,5
134,10,6,300,12
135,1,1,25,25
135,2,2,15,15
135,3,3,10,10
135,4,3,4,2
135,5,4,26,13
135,6,5,25,5
135,7,6,25,5
135,8,7,10,2
135,9,7,60,6
135,10,7,100,5
135,11,7,300,12
136,1,1,15,15
136,2,2,15,15
136,3,3,15,15
136,4,4,5,5
136,5,4,20,10
136,6,5,10,5
136,7,5,15,3
136,8,6,15,3
136,9,7,30,6
136,10,7,60,6
136,11,7,100,5
136,12,7,300,12
137,1,1,20,20
137,2,2,15,15
137,3,3,15,15
137,4,4,30,15
137,5,4,10,2
137,6,5,25,5
137,7,6,25,5
137,8,6,60,6
137,9,6,100,5
137,10,6,300,12
138,1,1,15,15
138,2,2,15,15
138,3,3,15,15
138,4,4,5,5
138,5,4,10,5
138,6,5,14,7
138,7,6,6,3
138,8,6,60,12
138,9,6,60,6
138,10,6,100,5
138,11,6,300,12
139,1,1,25,25
139,2,2,15,15
139,3,3,10,10
139,4,3,4,2
139,5,4,26,13
139,6,5,25,5
139,7,6,25,5
139,8,7,10,2
139,9,7,60,6
139,10,7,100,5
139,11,7,300,12
140,1,1,25,25
140,2,2,15,15
140,3,3,10,10
140,4,3,4,2
140,5,4,26,13
140,6,5,25,5
140,7,6,25,5
140,8,7,10,2
140,9,7,60,6
140,10,7,100,5
140,11,7,300,12
141,1,1,15,15
141,2,2,15,15
141,3,3,15,15
141,4,4,5,5
141,5,4,20,10
141,6,5,10,5
141,7,5,15,3
141,8,6,15,3
141,9,7,30,6
141,10,7,60,6
141,11,7,100,5
141,12,7,300,12
142,1,1,25,25
142,2,2,12,12
142,3,3,13,13
142,4,3,2,1
142,5,4,20,10
142,6,5,8,4
142,7,5,15,3
142,8,6,45,9
142,9,6,60,6
142,10,6,100,5
142,11,6,300,12
143,1,1,25,25
143,2,2,12,12
143,3,3,13,13
143,4,3,2,1
143,5,4,20,10
143,6,5,8,4
143,7,5,15,3
143,8,6,35,7
143,9,7,10,2
143,10,7,60,6
143,11,7,100,5
143,12,7,300,12
144,1,1,25,25
144,2,2,15,15
144,3,3,10,10
144,4,3,14,7
144,5,4,16,8
144,6,4,10,2
144,7,5,50,10
144,8,5,60,6
144,9,5,100,5
144,10,5,300,12
145,1,1,20,20
145,2,2,15,15
145,3,3,15,15
145,4,3,10,5
145,5,4,20,10
145,6,4,5,1
145,7,5,15,3
145,8,6,40,8
145,9,6,60,6
145,10,6,100,5
145,11,6,300,12
146,1,1,15,15
146,2,2,15,15
146,3,3,15,15
146,4,4,5,5
146,5,4,2,1
146,6,5,16,8
146,7,6,12,6
146,8,6,25,5
146,9,7,35,7
146,10,7,60,6
146,11,7,100,5
146,12,7,300,12
147,1,1,15,15
147,2,2,15,15
147,3,3,20,20
147,4,3,4,2
147,5,4,26,13
147,6,4,15,3
147,7,5,45,9
147,8,5,60,6
147,9,5,100,5
147,10,5,300,12
148,1,1,25,25
148,2,2,15,15
148,3,3,10,10
148,4,3,4,2
148,5,4,26,13
148,6,4,15,3
148,7,5,45,9
148,8,5,10,1
148,9,6,50,5
148,10,6,100,5
148,11,6,300,12
149,1,1,25,25
149,2,2,15,15
149,3,3,10,10
149,4,3,4,2
149,5,4,26,13
149,6,4,15,3
149,7,5,45,9
149,8,5,10,1
149,9,6,50,5
149,10,6,100,5
149,11,6,300,12
150,1,1,15,15
150,2,2,15,15
150,3,3,20,20
150,4,3,4,2
150,5,4,26,13
150,6,4,15,3
150,7,5,45,9
150,8,5,60,6
150,9,5,100,5
150,10,5,300,12
151,1,1,20,20
151,2,2,15,15
151,3,3,15,15
151,4,4,24,12
151,5,5,6,3
151,6,5,25,5
151,7,6,25,5
151,8,7,10,2
151,9,7,60,6
151,10,7,100,5
151,11,7,300,12
152,1,1,25,25
152,2,2,12,12
152,3,3,13,13
152,4,3,2,1
152,5,4,20,10
152,6,5,8,4
152,7,5,15,3
152,8,6,35,7
152,9,7,10,2
152,10,7,60,6
152,11,7,100,5
152,12,7,300,12
153,1,1,25,25
153,2,2,12,12
153,3,3,13,13
153,4,3,2,1
153,5,4,20,10
153,6,5,8,4
153,7,5,15,3
153,8,6,35,7
153,9,7,10,2
153,10,7,60,6
153,11,7,100,5
153,12,7,300,12
154,1,1,15,15
154,2,2,15,15
154,3,3,15,15
154,4,4,5,5
154,5,4,20,10
154,6,5,10,5
154,7,5,15,3
154,8,6,45,9
154,9,6,60,6
154,10,6,100,5
154,11,6,300,12
155,1,1,15,15
155,2,2,15,15
155,3,3,20,20
155,4,4,30,15
155,5,4,10,2
155,6,5,30,6
155,7,6,20,4
155,8,6,60,6
155,9,6,100,5
155,10,6,300,12
156,1,1,15,15
156,2,2,15,15
156,3,3,20,20
156,4,4,30,15
156,5,4,10,2
156,6,5,30,6
156,7,6,20,4
156,8,6,60,6
156,9,6,100,5
156,10,6,300,12
157,1,1,25,25
157,2,2,8,8
157,3,3,15,15
157,4,4,2,2
157,5,4,22,11
157,6,5,8,4
157,7,5,25,5
157,8,6,35,7
157,9,7,60,6
157,10,7,100,5
157,11,7,300,12
158,1,1,33,33
158,2,2,17,17
158,3,2,2,1
158,4,3,26,13
158,5,4,2,1
158,6,4,20,4
158,7,5,40,8
158,8,5,60,6
158,9,5,100,5
158,10,5,300,12
159,1,1,25,25
159,2,2,15,15
159,3,3,10,10
159,4,3,14,7
159,5,4,16,8
159,6,4,15,3
159,7,5,45,9
159,8,5,60,6
159,9,5,100,5
159,10,5,300,12
160,1,1,25,25
160,2,2,8,8
160,3,3,15,15
160,4,4,2,2
160,5,4,12,6
160,6,5,18,9
160,7,5,20,4
160,8,6,40,8
160,9,6,60,6
160,10,6,100,5
160,11,6,300,12
161,1,1,25,25
161,2,2,25,25
161,3,3,14,7
161,4,4,16,8
161,5,4,10,2
161,6,5,30,6
161,7,6,20,4
161,8,6,60,6
161,9,6,100,5
161,10,6,300,12
162,1,1,25,25
162,2,2,15,15
162,3,3,10,10
162,4,3,4,2
162,5,4,26,13
162,6,4,5,1
162,7,5,25,5
162,8,6,30,6
162,9,6,60,6
162,10,6,100,5
162,11,6,300,12
163,1,1,20,20
163,2,2,12,12
163,3,3,18,18
163,4,3,24,12
163,5,4,6,3
163,6,4,50,10
163,7,5,10,2
163,8,5,60,6
163,9,5,100,5
163,10,5,300,12
164,1,1,25,25
164,2,2,15,15
164,3,3,10,10
164,4,3,4,2
164,5,4,26,13
164,6,5,60,12
164,7,5,60,6
164,8,5,100,5
164,9,5,300,12
165,1,1,25,25
165,2,2,8,8
165,3,3,15,15
165,4,4,2,2
165,5,4,22,11
165,6,5,8,4
165,7,5,25,5
165,8,6,35,7
165,9,7,60,6
165,10,7,100,5
165,11,7,300,12
166,1,1,25,25
166,2,2,25,25
166,3,2,14,7
166,4,3,16,8
166,5,4,15,3
166,6,5,30,6
166,7,6,15,3
166,8,6,60,6
166,9,6,100,5
166,10,6,300,12
167,1,1,15,15
167,2,2,8,8
167,3,3,15,15
167,4,4,12,12
167,5,4,2,1
167,6,5,28,14
167,7,5,10,2
167,8,6,50,10
167,9,6,60,6
167,10,6,100,5
167,11,6,300,12
168,1,1,25,25
168,2,2,25,25
168,3,3,24,12
168,4,4,6,3
168,5,4,10,2
168,6,5,40,8
168,7,6,10,2
168,8,6,60,6
168,9,6,100,5
168,10,6,300,12
169,1,1,25,25
169,2,2,8,8
169,3,3,15,15
169,4,4,2,2
169,5,4,22,11
169,6,5,8,4
169,7,5,25,5
169,8,6,35,7
169,9,7,60,6
169,10,7,100,5
169,11,7,300,12
170,1,1,25,25
170,2,2,25,25
170,3,3,12,6
170,4,4,18,9
170,5,4,5,1
170,6,5,25,5
170,7,6,30,6
170,8,6,60,6
170,9,6,100,5
170,10,6,300,12
171,1,1,25,25
171,2,2,15,15
171,3,3,10,10
171,4,3,4,2
171,5,4,16,8
171,6,5,10,5
171,7,5,30,6
171,8,6,30,6
171,9,6,60,6
171,10,6,100,5
171,11,6,300,12
172,1,1,25,25
172,2,2,25,25
172,3,3,14,7
172,4,4,16,8
172,5,5,25,5
172,6,6,35,7
172,7,6,60,6
172,8,6,100,5
172,9,6,300,12
173,1,1,25,25
173,2,2,25,25
173,3,3,24,12
173,4,4,6,3
173,5,4,20,4
173,6,5,40,8
173,7,5,60,6
173,8,5,100,5
173,9,5,300,12
174,1,1,28,28
174,2,2,12,12
174,3,3,10,10
174,4,3,10,5
174,5,4,20,10
174,6,5,40,8
174,7,6,20,4
174,8,6,60,6
174,9,6,100,5
174,10,6,300,12
175,1,1,25,25
175,2,2,25,25
175,3,3,14,7
175,4,4,16,8
175,5,4,60,12
175,6,4,60,6
175,7,4,100,5
175,8,4,300,12
176,1,1,40,40
176,2,2,8,8
176,3,3,2,2
176,4,3,22,11
176,5,4,8,4
176,6,4,60,12
176,7,4,60,6
176,8,4,100,5
176,9,4,300,12
177,1,1,20,20
177,2,2,15,15
177,3,3,15,15
177,4,3,4,2
177,5,4,26,13
177,6,5,50,10
177,7,6,10,2
177,8,6,60,6
177,9,6,100,5
177,10,6,300,12
178,1,1,15,15
178,2,2,25,25
178,3,3,10,10
178,4,3,14,7
178,5,4,16,8
178,6,4,10,2
178,7,5,25,5
178,8,6,25,5
178,9,6,60,6
178,10,6,100,5
178,11,6,300,12
179,1,1,25,25
179,2,2,25,25
179,3,3,20,10
179,4,4,10,5
179,5,4,15,3
179,6,5,40,8
179,7,6,5,1
179,8,6,60,6
179,9,6,100,5
179,10,6,300,12
180,1,1,25,25
180,2,2,20,20
180,3,3,5,5
180,4,3,10,5
180,5,4,20,10
180,6,4,20,4
180,7,5,25,5
180,8,6,15,3
180,9,6,60,6
180,10,6,100,5
180,11,6,300,12
181,1,1,25,25
181,2,2,25,25
181,3,3,24,12
181,4,4,6,3
181,5,4,20,4
181,6,5,40,8
181,7,5,60,6
181,8,5,100,5
181,9,5,300,12
182,1,1,33,33
182,2,2,17,17
182,3,2,2,1
182,4,3,26,13
182,5,4,2,1
182,6,4,20,4
182,7,5,35,7
182,8,6,5,1
182,9,6,60,6
182,10,6,100,5
182,11,6,300,12
183,1,1,15,15
183,2,2,15,15
183,3,3,20,20
183,4,3,4,2
183,5,4,26,13
183,6,4,15,3
183,7,5,15,3
183,8,6,30,6
183,9,6,60,6
183,10,6,100,5
183,11,6,300,12
184,1,1,40,40
184,2,2,10,10
184,3,2,22,11
184,4,3,8,4
184,5,3,50,10
184,6,4,10,2
184,7,4,10,1
184,8,5,50,5
184,9,5,100,5
184,10,5,300,12
185,1,1,25,25
185,2,2,25,25
185,3,3,14,7
185,4,4,16,8
185,5,4,10,2
185,6,5,30,6
185,7,6,20,4
185,8,6,60,6
185,9,6,100,5
185,10,6,300,12
186,1,1,20,20
186,2,2,15,15
186,3,3,15,15
186,4,3,4,2
186,5,4,16,8
186,6,5,10,5
186,7,5,30,6
186,8,6,30,6
186,9,6,60,6
186,10,6,100,5
186,11,6,300,12
187,1,1,40,40
187,2,2,8,8
187,3,3,2,2
187,4,3,6,3
187,5,4,14,7
187,6,5,10,5
187,7,5,15,3
187,8,6,45,9
187,9,6,60,6
187,10,6,100,5
187,11,6,300,12
188,1,1,20,20
188,2,2,12,12
188,3,3,18,18
188,4,3,24,12
188,5,4,6,3
188,6,4,50,10
188,7,5,10,2
188,8,5,60,6
188,9,5,100,5
188,10,5,300,12
189,1,1,25,25
189,2,2,15,15
189,3,3,10,10
189,4,3,4,2
189,5,4,26,13
189,6,5,60,12
189,7,5,60,6
189,8,5,100,5
189,9,5,300,12
190,1,1,25,25
190,2,2,25,25
190,3,3,24,12
190,4,4,6,3
190,5,4,20,4
190,6,5,40,8
190,7,5,60,6
190,8,5,100,5
190,9,5,300,12
191,1,1,25,25
191,2,2,25,25
191,3,3,24,12
191,4,4,6,3
191,5,4,20,4
191,6,5,40,8
191,7,5,60,6
191,8,5,100,5
191,9,5,300,12
192,1,1,8,8
192,2,2,15,15
192,3,3,25,25
192,4,4,2,2
192,5,4,30,15
192,6,5,40,8
192,7,6,20,4
192,8,6,60,6
192,9,6,100,5
192,10,6,300,12
193,1,1,15,15
193,2,2,15,15
193,3,3,20,20
193,4,3,12,6
193,5,4,16,8
193,6,5,2,1
193,7,5,35,7
193,8,6,25,5
193,9,6,60,6
193,10,6,100,5
193,11,6,300,12
194,1,1,25,25
194,2,2,25,25
194,3,2,14,7
194,4,3,16,8
194,5,4,25,5
194,6,5,35,7
194,7,5,60,6
194,8,5,100,5
194,9,5,300,12
195,1,1,25,25
195,2,2,20,20
195,3,3,5,5
195,4,3,10,5
195,5,4,20,10
195,6,4,10,2
195,7,5,35,7
195,8,6,15,3
195,9,6,10,1
195,10,7,50,5
195,11,7,100,5
195,12,7,300,12
196,1,1,25,25
196,2,2,12,12
196,3,3,8,8
196,4,4,5,5
196,5,4,10,5
196,6,5,20,10
196,7,5,5,1
196,8,6,55,11
196,9,6,60,6
196,10,6,100,5
196,11,6,300,12
197,1,1,25,25
197,2,2,25,25
197,3,3,14,7
197,4,4,16,8
197,5,4,15,3
197,6,5,20,4
197,7,6,25,5
197,8,6,60,6
197,9,6,100,5
197,10,6,300,12
198,1,1,25,25
198,2,2,15,15
198,3,3,10,10
198,4,3,4,2
198,5,4,26,13
198,6,5,60,12
198,7,5,60,6
198,8,5,100,5
198,9,5,300,12
199,1,1,25,25
199,2,2,15,15
199,3,3,10,10
199,4,3,4,2
199,5,4,16,8
199,6,5,10,5
199,7,5,30,6
199,8,6,30,6
199,9,6,60,6
199,10,6,100,5
199,11,6,300,12
200,1,1,25,25
200,2,2,25,25
200,3,3,24,12
200,4,4,6,3
200,5,4,35,7
200,6,5,25,5
200,7,5,60,6
200,8,5,100,5
200,9,5,300,12
201,1,1,25,25
201,2,2,15,15
201,3,3,10,10
201,4,3,4,2
201,5,4,26,13
201,6,5,40,8
201,7,6,20,4
201,8,6,60,6
201,9,6,100,5
201,10,6,300,12
202,1,1,15,15
202,2,2,8,8
202,3,3,15,15
202,4,4,12,12
202,5,4,2,1
202,6,5,26,13
202,7,6,2,1
202,8,6,60,12
202,9,6,60,6
202,10,6,100,5
202,11,6,300,12
203,1,1,15,15
203,2,2,25,25
203,3,3,10,10
203,4,3,14,7
203,5,4,16,8
203,6,4,10,2
203,7,5,25,5
203,8,6,25,5
203,9,6,60,6
203,10,6,100,5
203,11,6,300,12
204,1,1,25,25
204,2,2,20,20
204,3,3,5,5
204,4,3,10,5
204,5,4,20,10
204,6,4,20,4
204,7,5,25,5
204,8,6,15,3
204,9,6,60,6
204,10,6,100,5
204,11,6,300,12
205,1,1,25,25
205,2,2,12,12
205,3,3,10,10
205,4,4,3,3
205,5,4,12,6
205,6,5,18,9
205,7,5,10,2
205,8,6,50,10
205,9,6,60,6
205,10,6,100,5
205,11,6,300,12
206,1,1,25,25
206,2,2,12,12
206,3,3,10,10
206,4,4,3,3
206,5,4,12,6
206,6,5,18,9
206,7,5,10,2
206,8,6,45,9
206,9,7,5,1
206,10,7,60,6
206,11,7,100,5
206,12,7,300,12
207,1,1,15,15
207,2,2,8,8
207,3,3,15,15
207,4,4,12,12
207,5,4,2,1
207,6,5,26,13
207,7,6,2,1
207,8,6,60,12
207,9,6,60,6
207,10,6,100,5
207,11,6,300,12
208,1,1,15,15
208,2,2,15,15
208,3,3,15,15
208,4,4,5,5
208,5,4,20,10
208,6,5,10,5
208,7,5,20,4
208,8,6,25,5
208,9,7,15,3
208,10,7,60,6
208,11,7,100,5
208,12,7,300,12
209,1,1,8,8
209,2,2,15,15
209,3,3,15,15
209,4,4,12,12
209,5,4,12,6
209,6,5,18,9
209,7,5,5,1
209,8,6,25,5
209,9,7,30,6
209,10,7,60,6
209,11,7,100,5
209,12,7,300,12
210,1,1,15,15
210,2,2,15,15
210,3,3,15,15
210,4,4,5,5
210,5,4,20,10
210,6,5,10,5
210,7,5,20,4
210,8,6,25,5
210,9,7,15,3
210,10,7,60,6
210,11,7,100,5
210,12,7,300,12
211,1,1,25,25
211,2,2,25,25
211,3,2,8,4
211,4,3,20,10
211,5,4,2,1
211,6,4,10,2
211,7,5,25,5
211,8,6,25,5
211,9,6,60,6
211,10,6,100,5
211,11,6,300,12
212,1,1,8,8
212,2,2,25,25
212,3,3,17,17
212,4,3,22,11
212,5,4,8,4
212,6,4,30,6
212,7,5,30,6
212,8,5,60,6
212,9,5,100,5
212,10,5,300,12
213,1,1,15,15
213,2,2,8,8
213,3,3,15,15
213,4,4,12,12
213,5,4,2,1
213,6,5,26,13
213,7,6,2,1
213,8,6,35,7
213,9,7,25,5
213,10,7,60,6
213,11,7,100,5
213,12,7,300,12
214,1,1,15,15
214,2,2,8,8
214,3,3,15,15
214,4,4,12,12
214,5,4,2,1
214,6,5,26,13
214,7,6,2,1
214,8,6,60,12
214,9,6,60,6
214,10,6,100,5
214,11,6,300,12
215,1,1,15,15
215,2,2,8,8
215,3,3,8,8
215,4,4,19,19
215,5,4,6,3
215,6,5,24,12
215,7,5,30,6
215,8,6,30,6
215,9,6,60,6
215,10,6,100,5
215,11,6,300,12
216,1,1,15,15
216,2,2,15,15
216,3,3,15,15
216,4,4,5,5
216,5,4,10,5
216,6,5,20,10
216,7,5,5,1
216,8,6,55,11
216,9,6,60,6
216,10,6,100,5
216,11,6,300,12
217,1,1,15,15
217,2,2,15,15
217,3,3,15,15
217,4,4,5,5
217,5,4,10,5
217,6,5,20,10
217,7,6,15,3
217,8,7,45,9
217,9,7,60,6
217,10,7,100,5
217,11,7,300,12
218,1,1,17,17
218,2,2,17,17
218,3,3,15,15
218,4,4,1,1
218,5,4,30,15
218,6,5,60,12
218,7,5,60,6
218,8,5,100,5
218,9,5,300,12
219,1,1,8,8
219,2,2,40,40
219,3,3,2,2
219,4,3,22,11
219,5,4,8,4
219,6,4,30,6
219,7,5,30,6
219,8,5,10,1
219,9,6,50,5
219,10,6,100,5
219,11,6,300,12
220,1,1,25,25
220,2,2,25,25
220,3,2,14,7
220,4,3,16,8
220,5,3,10,2
220,6,4,50,10
220,7,4,60,6
220,8,4,100,5
220,9,4,300,12
221,1,1,15,15
221,2,2,15,15
221,3,3,8,8
221,4,4,12,12
221,5,4,30,15
221,6,4,60,12
221,7,4,60,6
221,8,4,100,5
221,9,4,300,12
222,1,1,33,33
222,2,2,17,17
222,3,2,8,4
222,4,3,20,10
222,5,4,2,1
222,6,4,20,4
222,7,5,25,5
222,8,6,15,3
222,9,6,60,6
222,10,6,100,5
222,11,6,300,12
223,1,1,25,25
223,2,2,25,25
223,3,2,14,7
223,4,3,16,8
223,5,3,10,2
223,6,4,15,3
223,7,5,25,5
223,8,6,10,2
223,9,6,20,2
223,10,7,40,4
223,11,7,100,5
223,12,7,300,12
224,1,1,25,25
224,2,2,25,25
224,3,2,2,1
224,4,3,28,14
224,5,3,10,2
224,6,4,35,7
224,7,5,15,3
224,8,5,10,1
224,9,6,50,5
224,10,6,100,5
224,11,6,300,12
225,1,1,20,20
225,2,2,15,15
225,3,3,15,15
225,4,3,4,2
225,5,4,16,8
225,6,5,10,5
225,7,5,20,4
225,8,6,20,4
225,9,7,20,4
225,10,7,60,6
225,11,7,100,5
225,12,7,300,12
226,1,1,25,25
226,2,2,25,25
226,3,2,2,1
226,4,3,28,14
226,5,3,10,2
226,6,4,35,7
226,7,5,15,3
226,8,5,10,1
226,9,6,50,5
226,10,6,100,5
226,11,6,300,12
227,1,1,25,25
227,2,2,15,15
227,3,3,10,10
227,4,3,14,7
227,5,4,16,8
227,6,4,25,5
227,7,5,25,5
227,8,6,10,2
227,9,6,60,6
227,10,6,100,5
227,11,6,300,12
228,1,1,25,25
228,2,2,25,25
228,3,3,24,12
228,4,4,6,3
228,5,5,40,8
228,6,6,20,4
228,7,6,60,6
228,8,6,100,5
228,9,6,300,12
229,1,1,25,25
229,2,2,15,15
229,3,3,10,10
229,4,3,4,2
229,5,4,26,13
229,6,5,25,5
229,7,6,35,7
229,8,6,60,6
229,9,6,100,5
229,10,6,300,12
230,1,1,25,25
230,2,2,6,6
230,3,3,19,19
230,4,3,6,3
230,5,4,24,12
230,6,5,25,5
230,7,6,35,7
230,8,6,60,6
230,9,6,100,5
230,10,6,300,12
231,1,1,15,15
231,2,2,15,15
231,3,3,8,8
231,4,4,12,12
231,5,4,30,15
231,6,4,60,12
231,7,4,60,6
231,8,4,100,5
231,9,4,300,12
232,1,1,25,25
232,2,2,25,25
232,3,3,24,12
232,4,4,6,3
232,5,4,35,7
232,6,5,15,3
232,7,6,10,2
232,8,6,10,1
232,9,7,50,5
232,10,7,100,5
232,11,7,300,12
233,1,1,15,15
233,2,2,15,15
233,3,3,15,15
233,4,4,5,5
233,5,4,10,5
233,6,5,14,7
233,7,6,6,3
233,8,6,15,3
233,9,7,45,9
233,10,7,60,6
233,11,7,100,5
233,12,7,300,12
234,1,1,25,25
234,2,2,15,15
234,3,3,10,10
234,4,3,4,2
234,5,4,26,13
234,6,5,25,5
234,7,6,35,7
234,8,6,60,6
234,9,6,100,5
234,10,6,300,12
235,1,1,25,25
235,2,2,15,15
235,3,3,10,10
235,4,3,4,2
235,5,4,20,10
235,6,5,6,3
235,7,5,35,7
235,8,6,25,5
235,9,6,60,6
235,10,6,100,5
235,11,6,300,12
236,1,1,15,15
236,2,2,15,15
236,3,3,8,8
236,4,4,12,12
236,5,4,30,15
236,6,4,60,12
236,7,4,60,6
236,8,4,100,5
236,9,4,300,12
237,1,1,15,15
237,2,2,15,15
237,3,3,15,15
237,4,4,5,5
237,5,4,10,5
237,6,5,14,7
237,7,6,6,3
237,8,6,15,3
237,9,7,45,9
237,10,7,60,6
237,11,7,100,5
237,12,7,300,12
238,1,1,15,15
238,2,2,25,25
238,3,3,10,10
238,4,3,4,2
238,5,4,26,13
238,6,4,15,3
238,7,5,45,9
238,8,5,60,6
238,9,5,100,5
238,10,5,300,12
239,1,1,15,15
239,2,2,15,15
239,3,3,15,15
239,4,4,5,5
239,5,4,20,10
239,6,5,10,5
239,7,5,30,6
239,8,6,15,3
239,9,7,15,3
239,10,7,60,6
239,11,7,100,5
239,12,7,300,12
240,1,1,25,25
240,2,2,25,25
240,3,3,14,7
240,4,4,16,8
240,5,4,25,5
240,6,5,35,7
240,7,5,60,6
240,8,5,100,5
240,9,5,300,12
241,1,1,25,25
241,2,2,15,15
241,3,3,10,10
241,4,3,6,3
241,5,4,20,10
241,6,5,4,2
241,7,5,20,4
241,8,6,40,8
241,9,6,60,6
241,10,6,100,5
241,11,6,300,12
242,1,1,15,15
242,2,2,15,15
242,3,3,15,15
242,4,4,5,5
242,5,4,10,5
242,6,5,20,10
242,7,5,5,1
242,8,6,55,11
242,9,6,60,6
242,10,6,100,5
242,11,6,300,12
243,1,1,17,17
243,2,2,17,17
243,3,3,15,15
243,4,4,1,1
243,5,4,30,15
243,6,5,60,12
243,7,5,60,6
243,8,5,100,5
243,9,5,300,12
244,1,1,40,40
244,2,2,10,10
244,3,2,14,7
244,4,3,16,8
244,5,3,60,12
244,6,3,60,6
244,7,3,100,5
244,8,3,300,12
245,1,1,15,15
245,2,2,15,15
245,3,3,20,20
245,4,3,4,2
245,5,4,26,13
245,6,5,40,8
245,7,6,20,4
245,8,7,60,6
245,9,7,100,5
245,10,7,300,12
246,1,1,15,15
246,2,2,15,15
246,3,3,15,15
246,4,4,5,5
246,5,4,2,1
246,6,5,26,13
246,7,6,2,1
246,8,6,60,12
246,9,6,60,6
246,10,6,100,5
246,11,6,300,12
247,1,1,40,40
247,2,2,10,10
247,3,2,14,7
247,4,3,16,8
247,5,3,60,12
247,6,3,60,6
247,7,3,100,5
247,8,3,300,12
248,1,1,25,25
248,2,2,25,25
248,3,3,24,12
248,4,4,6,3
248,5,4,20,4
248,6,5,25,5
248,7,6,15,3
248,8,6,60,6
248,9,6,100,5
248,10,6,300,12
249,1,1,25,25
249,2,2,25,25
249,3,3,24,12
249,4,4,6,3
249,5,4,20,4
249,6,5,25,5
249,7,6,15,3
249,8,6,60,6
249,9,6,100,5
249,10,6,300,12
250,1,1,25,25
250,2,2,25,25
250,3,3,24,12
250,4,4,6,3
250,5,4,20,4
250,6,5,25,5
250,7,6,15,3
250,8,6,60,6
250,9,6,100,5
250,10,6,300,12
251,1,1,15,15
251,2,2,25,25
251,3,3,10,10
251,4,3,14,7
251,5,4,16,8
251,6,4,10,2
251,7,5,40,8
251,8,6,10,2
251,9,6,60,6
251,10,6,100,5
251,11,6,300,12
252,1,1,25,25
252,2,2,15,15
252,3,3,10,10
252,4,3,4,2
252,5,4,26,13
252,6,4,15,3
252,7,5,25,5
252,8,6,20,4
252,9,6,60,6
252,10,6,100,5
252,11,6,300,12
253,1,1,25,25
253,2,2,15,15
253,3,3,10,10
253,4,3,4,2
253,5,4,26,13
253,6,4,30,6
253,7,5,30,6
253,8,5,60,6
253,9,5,100,5
253,10,5,300,12
254,1,1,25,25
254,2,2,15,15
254,3,3,10,10
254,4,3,4,2
254,5,4,26,13
254,6,4,15,3
254,7,5,25,5
254,8,6,20,4
254,9,6,60,6
254,10,6,100,5
254,11,6,300,12
255,1,1,25,25
255,2,2,25,25
255,3,2,2,1
255,4,3,28,14
255,5,3,10,2
255,6,4,35,7
255,7,5,15,3
255,8,5,10,1
255,9,6,50,5
255,10,6,100,5
255,11,6,300,12
256,1,1,33,33
256,2,2,17,17
256,3,2,2,1
256,4,3,20,10
256,5,4,8,4
256,6,4,5,1
256,7,5,30,6
256,8,6,25,5
256,9,6,60,6
256,10,6,100,5
256,11,6,300,12
257,1,1,20,20
257,2,2,20,20
257,3,3,10,10
257,4,3,4,2
257,5,4,26,13
257,6,5,15,3
257,7,6,45,9
257,8,6,60,6
257,9,6,100,5
257,10,6,300,12
258,1,1,25,25
258,2,2,25,25
258,3,3,24,12
258,4,4,6,3
258,5,4,20,4
258,6,5,40,8
258,7,5,60,6
258,8,5,100,5
258,9,5,300,12
259,1,1,25,25
259,2,2,15,15
259,3,3,10,10
259,4,3,10,5
259,5,4,14,7
259,6,5,6,3
259,7,5,20,4
259,8,6,20,4
259,9,7,20,4
259,10,7,60,6
259,11,7,100,5
259,12,7,300,12
260,1,1,25,25
260,2,2,15,15
260,3,3,10,10
260,4,3,10,5
260,5,4,14,7
260,6,5,6,3
260,7,5,20,4
260,8,6,20,4
260,9,7,20,4
260,10,7,60,6
260,11,7,100,5
260,12,7,300,12
261,1,1,25,25
261,2,2,25,25
261,3,3,24,12
261,4,4,6,3
261,5,4,20,4
261,6,5,25,5
261,7,6,15,3
261,8,6,60,6
261,9,6,100,5
261,10,6,300,12
262,1,1,25,25
262,2,2,25,25
262,3,3,24,12
262,4,4,6,3
262,5,4,20,4
262,6,5,15,3
262,7,6,25,5
262,8,6,60,6
262,9,6,100,5
262,10,6,300,12
263,1,1,15,15
263,2,2,15,15
263,3,3,15,15
263,4,4,5,5
263,5,4,20,10
263,6,5,10,5
263,7,5,30,6
263,8,6,30,6
263,9,6,60,6
263,10,6,100,5
263,11,6,300,12
264,1,1,15,15
264,2,2,15,15
264,3,3,15,15
264,4,4,5,5
264,5,4,30,15
264,6,4,60,12
264,7,4,60,6
264,8,4,100,5
264,9,4,300,12
265,1,1,25,25
265,2,2,25,25
265,3,2,8,4
265,4,3,14,7
265,5,4,8,4
265,6,4,15,3
265,7,5,25,5
265,8,6,20,4
265,9,6,60,6
265,10,6,100,5
265,11,6,300,12
266,1,1,25,25
266,2,2,25,25
266,3,3,24,12
266,4,4,6,3
266,5,4,35,7
266,6,5,25,5
266,7,6,60,6
266,8,6,100,5
266,9,6,300,12
267,1,1,25,25
267,2,2,25,25
267,3,2,14,7
267,4,3,12,6
267,5,4,4,2
267,6,4,20,4
267,7,5,40,8
267,8,6,60,6
267,9,6,100,5
267,10,6,300,12
268,1,1,25,25
268,2,2,25,25
268,3,2,8,4
268,4,3,22,11
268,5,4,35,7
268,6,5,25,5
268,7,6,20,2
268,8,7,40,4
268,9,7,100,5
268,10,7,300,12
269,1,1,15,15
269,2,2,15,15
269,3,3,15,15
269,4,4,5,5
269,5,4,10,5
269,6,5,20,10
269,7,5,5,1
269,8,6,55,11
269,9,6,60,6
269,10,6,100,5
269,11,6,300,12
270,1,1,15,15
270,2,2,15,15
270,3,3,15,15
270,4,4,5,5
270,5,4,10,5
270,6,5,20,10
270,7,6,15,3
270,8,7,45,9
270,9,7,60,6
270,10,7,100,5
270,11,7,300,12
271,1,1,25,25
271,2,2,25,25
271,3,2,14,7
271,4,3,16,8
271,5,3,10,2
271,6,4,40,8
271,7,5,10,2
271,8,6,60,6
271,9,6,100,5
271,10,6,300,12
272,1,1,25,25
272,2,2,15,15
272,3,3,10,10
272,4,3,4,2
272,5,4,16,8
272,6,5,10,5
272,7,5,30,6
272,8,6,30,6
272,9,6,60,6
272,10,6,100,5
272,11,6,300,12
273,1,1,15,15
273,2,2,25,25
273,3,3,10,10
273,4,3,4,2
273,5,4,26,13
273,6,5,40,8
273,7,6,20,4
273,8,6,60,6
273,9,6,100,5
273,10,6,300,12
274,1,1,25,25
274,2,2,15,15
274,3,3,10,10
274,4,3,4,2
274,5,4,26,13
274,6,5,60,12
274,7,5,60,6
274,8,5,100,5
274,9,5,300,12
275,1,1,15,15
275,2,2,15,15
275,3,3,20,20
275,4,3,4,2
275,5,4,16,8
275,6,5,10,5
275,7,5,15,3
275,8,6,45,9
275,9,6,60,6
275,10,6,100,5
275,11,6,300,12
276,1,1,20,20
276,2,2,20,20
276,3,3,10,10
276,4,3,10,5
276,5,4,20,10
276,6,4,10,2
276,7,5,50,10
276,8,5,60,6
276,9,5,100,5
276,10,5,300,12
277,1,1,25,25
277,2,2,25,25
277,3,3,24,12
277,4,4,6,3
277,5,4,20,4
277,6,5,40,8
277,7,5,60,6
277,8,5,100,5
277,9,5,300,12
278,1,1,25,25
278,2,2,25,25
278,3,3,30,15
278,4,3,10,2
278,5,4,25,5
278,6,5,25,5
278,7,5,60,6
278,8,5,100,5
278,9,5,300,12
279,1,1,25,25
279,2,2,25,25
279,3,3,24,12
279,4,4,6,3
279,5,4,35,7
279,6,5,25,5
279,7,5,60,6
279,8,5,100,5
279,9,5,300,12
280,1,1,12,12
280,2,2,38,38
280,3,2,20,10
280,4,3,10,5
280,5,3,15,3
280,6,4,20,4
280,7,5,25,5
280,8,6,60,6
280,9,6,100,5
280,10,6,300,12
281,1,1,33,33
281,2,2,17,17
281,3,2,2,1
281,4,3,20,10
281,5,4,8,4
281,6,4,5,1
281,7,5,30,6
281,8,6,25,5
281,9,6,60,6
281,10,6,100,5
281,11,6,300,12
282,1,1,25,25
282,2,2,25,25
282,3,3,24,12
282,4,4,6,3
282,5,4,20,4
282,6,5,40,8
282,7,5,60,6
282,8,5,100,5
282,9,5,300,12
283,1,1,25,25
283,2,2,15,15
283,3,3,10,10
283,4,3,4,2
283,5,4,26,13
283,6,5,15,3
283,7,6,40,8
283,8,7,5,1
283,9,7,20,2
283,10,8,40,4
283,11,8,100,5
283,12,8,300,12
284,1,1,25,25
284,2,2,15,15
284,3,3,10,10
284,4,3,4,2
284,5,4,26,13
284,6,5,15,3
284,7,6,40,8
284,8,7,5,1
284,9,7,20,2
284,10,8,40,4
284,11,8,100,5
284,12,8,300,12
285,1,1,25,25
285,2,2,25,25
285,3,3,24,12
285,4,4,6,3
285,5,4,20,4
285,6,5,15,3
285,7,6,25,5
285,8,6,60,6
285,9,6,100,5
285,10,6,300,12
286,1,1,25,25
286,2,2,25,25
286,3,3,24,12
286,4,4,6,3
286,5,4,20,4
286,6,5,40,8
286,7,5,60,6
286,8,5,100,5
286,9,5,300,12
287,1,1,15,15
287,2,2,15,15
287,3,3,15,15
287,4,4,5,5
287,5,4,20,10
287,6,5,10,5
287,7,5,30,6
287,8,6,30,6
287,9,6,60,6
287,10,6,100,5
287,11,6,300,12
288,1,1,25,25
288,2,2,25,25
288,3,3,24,12
288,4,4,6,3
288,5,4,20,4
288,6,5,40,8
288,7,5,60,6
288,8,5,100,5
288,9,5,300,12
289,1,1,15,15
289,2,2,15,15
289,3,3,20,20
289,4,3,4,2
289,5,4,16,8
289,6,5,10,5
289,7,5,60,12
289,8,5,60,6
289,9,5,100,5
289,10,5,300,12
290,1,1,25,25
290,2,2,25,25
290,3,3,24,12
290,4,4,6,3
290,5,4,20,4
290,6,5,40,8
290,7,5,60,6
290,8,5,100,5
290,9,5,300,12
291,1,1,15,15
291,2,2,8,8
291,3,3,15,15
291,4,4,12,12
291,5,4,2,1
291,6,5,28,14
291,7,5,10,2
291,8,6,50,10
291,9,6,60,6
291,10,6,100,5
291,11,6,300,12
292,1,1,15,15
292,2,2,8,8
292,3,3,15,15
292,4,4,12,12
292,5,4,2,1
292,6,5,28,14
292,7,5,10,2
292,8,6,50,10
292,9,6,60,6
292,10,6,100,5
292,11,6,300,12
293,1,1,40,40
293,2,2,10,10
293,3,2,4,2
293,4,3,26,13
293,5,4,60,12
293,6,4,60,6
293,7,4,100,5
293,8,4,300,12
294,1,1,25,25
294,2,2,25,25
294,3,2,14,7
294,4,3,16,8
294,5,3,10,2
294,6,4,30,6
294,7,5,20,4
294,8,5,60,6
294,9,5,100,5
294,10,5,300,12
295,1,1,15,15
295,2,2,35,35
295,3,2,4,2
295,4,3,26,13
295,5,4,40,8
295,6,5,20,4
295,7,5,60,6
295,8,5,100,5
295,9,5,300,12
296,1,1,25,25
296,2,2,15,15
296,3,3,10,10
296,4,3,14,7
296,5,4,16,8
296,6,4,25,5
296,7,5,35,7
296,8,5,60,6
296,9,5,100,5
296,10,5,300,12
297,1,1,20,20
297,2,2,15,15
297,3,3,15,15
297,4,3,4,2
297,5,4,26,13
297,6,5,50,10
297,7,6,10,2
297,8,6,60,6
297,9,6,100,5
297,10,6,300,12
298,1,1,25,25
298,2,2,25,25
298,3,3,14,7
298,4,4,16,8
298,5,4,25,5
298,6,5,35,7
298,7,5,60,6
298,8,5,100,5
298,9,5,300,12
299,1,1,25,25
299,2,2,25,25
299,3,3,24,12
299,4,4,6,3
299,5,4,20,4
299,6,5,25,5
299,7,6,15,3
299,8,6,60,6
299,9,6,100,5
299,10,6,300,12
300,1,1,33,33
300,2,2,17,17
300,3,2,2,1
300,4,3,20,10
300,5,4,8,4
300,6,4,5,1
300,7,5,30,6
300,8,6,25,5
300,9,6,60,6
300,10,6,100,5
300,11,6,300,12
301,1,1,25,25
301,2,2,25,25
301,3,3,20,10
301,4,4,10,5
301,5,4,15,3
301,6,5,30,6
301,7,6,15,3
301,8,6,60,6
301,9,6,100,5
301,10,6,300,12
302,1,1,25,25
302,2,2,25,25
302,3,2,14,7
302,4,3,16,8
302,5,3,10,2
302,6,4,40,8
302,7,5,10,2
302,8,5,60,6
302,9,5,100,5
302,10,5,300,12
303,1,1,25,25
303,2,2,15,15
303,3,3,10,10
303,4,3,4,2
303,5,4,20,10
303,6,5,6,3
303,7,5,35,7
303,8,6,25,5
303,9,6,60,6
303,10,6,100,5
303,11,6,300,12
304,1,1,25,25
304,2,2,25,25
304,3,3,24,12
304,4,4,6,3
304,5,4,20,4
304,6,5,25,5
304,7,6,15,3
304,8,6,60,6
304,9,6,100,5
304,10,6,300,12
305,1,1,25,25
305,2,2,15,15
305,3,3,10,10
305,4,3,4,2
305,5,4,26,13
305,6,5,25,5
305,7,6,35,7
305,8,6,60,6
305,9,6,100,5
305,10,6,300,12
306,1,1,15,15
306,2,2,8,8
306,3,3,15,15
306,4,4,12,12
306,5,4,2,1
306,6,5,28,14
306,7,5,10,2
306,8,6,50,10
306,9,6,60,6
306,10,6,100,5
306,11,6,300,12
307,1,1,25,25
307,2,2,25,25
307,3,3,14,7
307,4,4,16,8
307,5,4,10,2
307,6,5,25,5
307,7,6,25,5
307,8,6,60,6
307,9,6,100,5
307,10,6,300,12
308,1,1,15,15
308,2,2,15,15
308,3,3,15,15
308,4,4,5,5
308,5,4,30,15
308,6,4,60,12
308,7,4,60,6
308,8,4,100,5
308,9,4,300,12
309,1,1,17,17
309,2,2,17,17
309,3,3,12,12
309,4,4,4,4
309,5,4,16,8
309,6,5,14,7
309,7,5,25,5
309,8,6,35,7
309,9,6,60,6
309,10,6,100,5
309,11,6,300,12
310,1,1,33,33
310,2,2,17,17
310,3,2,8,4
310,4,3,10,5
310,5,4,12,6
310,6,4,10,2
310,7,5,35,7
310,8,6,15,3
310,9,6,60,6
310,10,6,100,5
310,11,6,300,12
311,1,1,25,25
311,2,2,25,25
311,3,3,20,10
311,4,4,10,5
311,5,4,15,3
311,6,5,30,6
311,7,6,15,3
311,8,6,60,6
311,9,6,100,5
311,10,6,300,12
312,1,1,15,15
312,2,2,8,8
312,3,3,15,15
312,4,4,12,12
312,5,4,2,1
312,6,5,28,14
312,7,5,10,2
312,8,6,50,10
312,9,6,60,6
312,10,6,100,5
312,11,6,300,12
313,1,1,25,25
313,2,2,15,15
313,3,3,10,10
313,4,3,4,2
313,5,4,16,8
313,6,5,10,5
313,7,5,60,12
313,8,5,60,6
313,9,5,100,5
313,10,5,300,12
314,1,1,25,25
314,2,2,8,8
314,3,3,8,8
314,4,4,8,8
314,5,5,1,1
314,6,5,14,7
314,7,6,16,8
314,8,6,20,4
314,9,7,40,8
314,10,7,60,6
314,11,7,100,5
314,12,7,300,12
315,1,1,25,25
315,2,2,4,4
315,3,3,15,15
315,4,4,6,6
315,5,4,18,9
315,6,5,12,6
315,7,6,40,8
315,8,7,20,4
315,9,7,60,6
315,10,7,100,5
315,11,7,300,12
316,1,1,15,15
316,2,2,15,15
316,3,3,15,15
316,4,4,5,5
316,5,4,20,10
316,6,5,10,5
316,7,5,15,3
316,8,6,45,9
316,9,6,60,6
316,10,6,100,5
316,11,6,300,12
317,1,1,25,25
317,2,2,25,25
317,3,2,14,7
317,4,3,16,8
317,5,3,10,2
317,6,4,40,8
317,7,5,10,2
317,8,6,60,6
317,9,6,100,5
317,10,6,300,12
318,1,1,17,17
318,2,2,17,17
318,3,3,15,15
318,4,4,1,1
318,5,4,30,15
318,6,5,60,12
318,7,5,60,6
318,8,5,100,5
318,9,5,300,12
319,1,1,25,25
319,2,2,25,25
319,3,3,28,14
319,4,4,2,1
319,5,4,20,4
319,6,5,40,8
319,7,5,60,6
319,8,5,100,5
319,9,5,300,12
320,1,1,15,15
320,2,2,15,15
320,3,3,20,20
320,4,3,4,2
320,5,4,26,13
320,6,5,40,8
320,7,6,20,4
320,8,7,60,6
320,9,7,100,5
320,10,7,300,12
321,1,1,25,25
321,2,2,15,15
321,3,3,10,10
321,4,3,14,7
321,5,4,16,8
321,6,4,10,2
321,7,5,25,5
321,8,6,25,5
321,9,6,60,6
321,10,6,100,5
321,11,6,300,12
322,1,1,25,25
322,2,2,25,25
322,3,2,8,4
322,4,3,22,11
322,5,3,15,3
322,6,4,25,5
322,7,5,20,4
322,8,6,60,6
322,9,6,100,5
322,10,6,300,12
323,1,1,25,25
323,2,2,25,25
323,3,3,24,12
323,4,4,6,3
323,5,4,20,4
323,6,5,25,5
323,7,6,15,3
323,8,6,10,1
323,9,7,50,5
323,10,7,100,5
323,11,7,300,12
324,1,1,25,25
324,2,2,15,15
324,3,3,10,10
324,4,3,4,2
324,5,4,26,13
324,6,5,25,5
324,7,6,35,7
324,8,6,60,6
324,9,6,100,5
324,10,6,300,12
325,1,1,25,25
325,2,2,15,15
325,3,3,10,10
325,4,3,10,5
325,5,4,20,10
325,6,4,5,1
325,7,5,25,5
325,8,6,30,6
325,9,6,60,6
325,10,6,100,5
325,11,6,300,12
326,1,1,25,25
326,2,2,25,25
326,3,3,24,12
326,4,4,6,3
326,5,4,20,4
326,6,5,25,5
326,7,6,15,3
326,8,6,10,1
326,9,7,50,5
326,10,7,100,5
326,11,7,300,12
327,1,1,25,25
327,2,2,15,15
327,3,3,10,10
327,4,3,14,7
327,5,4,16,8
327,6,4,35,7
327,7,5,25,5
327,8,5,60,6
327,9,5,100,5
327,10,5,300,12
328,1,1,25,25
328,2,2,15,15
328,3,3,10,10
328,4,3,4,2
328,5,4,26,13
328,6,5,25,5
328,7,6,35,7
328,8,6,60,6
328,9,6,100,5
328,10,6,300,12
329,1,1,25,25
329,2,2,15,15
329,3,3,10,10
329,4,3,10,5
329,5,4,20,10
329,6,5,25,5
329,7,6,35,7
329,8,6,60,6
329,9,6,100,5
329,10,6,300,12
330,1,1,25,25
330,2,2,25,25
330,3,3,24,12
330,4,4,6,3
330,5,4,20,4
330,6,5,25,5
330,7,6,15,3
330,8,6,60,6
330,9,6,100,5
330,10,6,300,12
331,1,1,25,25
331,2,2,25,25
331,3,3,24,12
331,4,4,6,3
331,5,4,20,4
331,6,5,25,5
331,7,6,15,3
331,8,6,60,6
331,9,6,100,5
331,10,6,300,12
332,1,1,25,25
332,2,2,25,25
332,3,2,14,7
332,4,3,16,8
332,5,3,10,2
332,6,4,40,8
332,7,5,10,2
332,8,6,60,6
332,9,6,100,5
332,10,6,300,12
333,1,1,15,15
333,2,2,35,35
333,3,2,4,2
333,4,3,16,8
333,5,4,10,5
333,6,4,30,6
333,7,5,30,6
333,8,5,60,6
333,9,5,100,5
333,10,5,300,12
334,1,1,15,15
334,2,2,25,25
334,3,3,10,10
334,4,3,4,2
334,5,4,26,13
334,6,5,40,8
334,7,6,20,4
334,8,6,60,6
334,9,6,100,5
334,10,6,300,12
335,1,1,25,25
335,2,2,25,25
335,3,3,24,12
335,4,4,6,3
335,5,4,20,4
335,6,5,40,8
335,7,6,60,6
335,8,6,100,5
335,9,6,300,12
336,1,1,40,40
336,2,2,10,10
336,3,2,4,2
336,4,3,26,13
336,5,4,15,3
336,6,5,45,9
336,7,5,60,6
336,8,5,100,5
336,9,5,300,12
337,1,1,25,25
337,2,2,25,25
337,3,3,30,15
337,4,3,10,2
337,5,4,50,10
337,6,4,60,6
337,7,4,100,5
337,8,4,300,12
338,1,1,25,25
338,2,2,25,25
338,3,2,14,7
338,4,3,16,8
338,5,3,10,2
338,6,4,50,10
338,7,4,60,6
338,8,4,100,5
338,9,4,300,12
339,1,1,25,25
339,2,2,15,15
339,3,3,10,10
339,4,3,14,7
339,5,4,16,8
339,6,4,10,2
339,7,5,25,5
339,8,6,25,5
339,9,6,60,6
339,10,6,100,5
339,11,6,300,12
340,1,1,25,25
340,2,2,15,15
340,3,3,10,10
340,4,3,4,2
340,5,4,26,13
340,6,5,40,8
340,7,6,20,4
340,8,6,60,6
340,9,6,100,5
340,10,6,300,12
341,1,1,25,25
341,2,2,15,15
341,3,3,10,10
341,4,3,4,2
341,5,4,26,13
341,6,5,40,8
341,7,6,20,4
341,8,6,60,6
341,9,6,100,5
341,10,6,300,12
342,1,1,40,40
342,2,2,10,10
342,3,2,30,15
342,4,3,25,5
342,5,4,25,5
342,6,5,10,2
342,7,5,60,6
342,8,5,100,5
342,9,5,300,12
343,1,1,25,25
343,2,2,15,15
343,3,3,10,10
343,4,3,4,2
343,5,4,26,13
343,6,5,40,8
343,7,6,20,4
343,8,6,60,6
343,9,6,100,5
343,10,6,300,12
344,1,1,25,25
344,2,2,15,15
344,3,3,10,10
344,4,3,14,7
344,5,4,16,8
344,6,5,25,5
344,7,6,35,7
344,8,6,60,6
344,9,6,100,5
344,10,6,300,12
345,1,1,25,25
345,2,2,25,25
345,3,3,14,7
345,4,4,16,8
345,5,4,25,5
345,6,5,35,7
345,7,5,60,6
345,8,5,100,5
345,9,5,300,12
346,1,1,25,25
346,2,2,25,25
346,3,3,14,7
346,4,4,16,8
346,5,5,25,5
346,6,6,35,7
346,7,6,60,6
346,8,6,100,5
346,9,6,300,12
347,1,1,25,25
347,2,2,15,15
347,3,3,10,10
347,4,3,4,2
347,5,4,8,4
347,6,5,16,8
347,7,6,2,1
347,8,6,35,7
347,9,7,25,5
347,10,7,60,6
347,11,7,100,5
347,12,7,300,12
348,1,1,15,15
348,2,2,25,25
348,3,3,10,10
348,4,3,4,2
348,5,4,26,13
348,6,5,40,8
348,7,6,20,4
348,8,6,60,6
348,9,6,100,5
348,10,6,300,12
349,1,1,25,25
349,2,2,15,15
349,3,3,10,10
349,4,3,4,2
349,5,4,26,13
349,6,5,30,6
349,7,6,30,6
349,8,6,60,6
349,9,6,100,5
349,10,6,300,12
350,1,1,25,25
350,2,2,15,15
350,3,3,10,10
350,4,3,4,2
350,5,4,26,13
350,6,5,60,12
350,7,5,60,6
350,8,5,100,5
350,9,5,300,12
351,1,1,17,17
351,2,2,17,17
351,3,3,15,15
351,4,4,1,1
351,5,4,30,15
351,6,5,60,12
351,7,5,60,6
351,8,5,100,5
351,9,5,300,12
352,1,1,25,25
352,2,2,15,15
352,3,3,10,10
352,4,3,14,7
352,5,4,16,8
352,6,4,10,2
352,7,5,25,5
352,8,6,25,5
352,9,6,60,6
352,10,6,100,5
352,11,6,300,12
353,1,1,25,25
353,2,2,15,15
353,3,3,10,10
353,4,3,4,2
353,5,4,26,13
353,6,5,25,5
353,7,6,35,7
353,8,6,60,6
353,9,6,100,5
353,10,6,300,12
354,1,1,25,25
354,2,2,15,15
354,3,3,10,10
354,4,3,14,7
354,5,4,16,8
354,6,4,10,2
354,7,5,40,8
354,8,6,10,2
354,9,6,60,6
354,10,6,100,5
354,11,6,300,12
355,1,1,25,25
355,2,2,25,25
355,3,3,20,10
355,4,4,10,5
355,5,4,20,4
355,6,5,25,5
355,7,6,15,3
355,8,6,60,6
355,9,6,100,5
355,10,6,300,12
356,1,1,25,25
356,2,2,25,25
356,3,2,8,4
356,4,3,14,7
356,5,4,8,4
356,6,4,15,3
356,7,5,15,3
356,8,6,30,6
356,9,6,60,6
356,10,6,100,5
356,11,6,300,12
357,1,1,25,25
357,2,2,15,15
357,3,3,10,10
357,4,3,4,2
357,5,4,26,13
357,6,5,25,5
357,7,6,35,7
357,8,6,60,6
357,9,6,100,5
357,10,6,300,12
358,1,1,25,25
358,2,2,25,25
358,3,3,14,7
358,4,4,16,8
358,5,4,25,5
358,6,5,35,7
358,7,5,60,6
358,8,5,100,5
358,9,5,300,12
359,1,1,25,25
359,2,2,15,15
359,3,3,10,10
359,4,3,4,2
359,5,4,8,4
359,6,5,16,8
359,7,6,2,1
359,8,6,35,7
359,9,7,25,5
359,10,7,60,6
359,11,7,100,5
359,12,7,300,12
360,1,1,17,17
360,2,2,17,17
360,3,3,15,15
360,4,4,1,1
360,5,4,30,15
360,6,5,60,12
360,7,5,60,6
360,8,5,100,5
360,9,5,300,12
361,1,1,25,25
361,2,2,15,15
361,3,3,10,10
361,4,3,14,7
361,5,4,16,8
361,6,4,10,2
361,7,5,25,5
361,8,6,25,5
361,9,6,60,6
361,10,6,100,5
361,11,6,300,12
362,1,1,25,25
362,2,2,15,15
362,3,3,10,10
362,4,3,14,7
362,5,4,16,8
362,6,4,10,2
362,7,5,25,5
362,8,6,25,5
362,9,6,60,6
362,10,6,100,5
362,11,6,300,12
363,1,1,25,25
363,2,2,25,25
363,3,2,8,4
363,4,3,20,10
363,5,4,2,1
363,6,4,20,4
363,7,5,40,8
363,8,5,60,6
363,9,5,100,5
363,10,5,300,12
364,1,1,25,25
364,2,2,25,25
364,3,2,8,4
364,4,3,20,10
364,5,4,2,1
364,6,4,20,4
364,7,5,40,8
364,8,5,60,6
364,9,5,100,5
364,10,5,300,12
365,1,1,15,15
365,2,2,15,15
365,3,3,20,20
365,4,3,20,10
365,5,4,10,5
365,6,4,30,6
365,7,5,15,3
365,8,6,15,3
365,9,6,60,6
365,10,6,100,5
365,11,6,300,12
366,1,1,28,28
366,2,2,20,20
366,3,3,2,2
366,4,3,30,15
366,5,4,40,8
366,6,5,20,4
366,7,6,60,6
366,8,6,100,5
366,9,6,300,12
367,1,1,15,15
367,2,2,15,15
367,3,3,15,15
367,4,4,5,5
367,5,4,20,10
367,6,5,10,5
367,7,5,15,3
367,8,6,45,9
367,9,6,60,6
367,10,6,100,5
367,11,6,300,12
368,1,1,25,25
368,2,2,15,15
368,3,3,10,10
368,4,3,4,2
368,5,4,16,8
368,6,5,10,5
368,7,5,10,2
368,8,6,50,10
368,9,7,60,6
368,10,7,100,5
368,11,7,300,12
369,1,1,25,25
369,2,2,25,25
369,3,3,30,15
369,4,3,45,9
369,5,4,15,3
369,6,4,60,6
369,7,4,100,5
369,8,4,300,12
370,1,1,25,25
370,2,2,15,15
370,3,3,10,10
370,4,3,4,2
370,5,4,16,8
370,6,5,10,5
370,7,5,10,2
370,8,6,50,10
370,9,7,60,6
370,10,7,100,5
370,11,7,300,12
371,1,1,15,15
371,2,2,15,15
371,3,3,20,20
371,4,3,4,2
371,5,4,16,8
371,6,5,10,5
371,7,5,15,3
371,8,6,45,9
371,9,6,60,6
371,10,6,100,5
371,11,6,300,12
372,1,1,15,15
372,2,2,15,15
372,3,3,20,20
372,4,3,4,2
372,5,4,16,8
372,6,5,10,5
372,7,5,15,3
372,8,6,45,9
372,9,6,60,6
372,10,6,100,5
372,11,6,300,12
373,1,1,20,20
373,2,2,20,20
373,3,3,10,10
373,4,3,10,5
373,5,4,20,10
373,6,4,10,2
373,7,5,50,10
373,8,5,60,6
373,9,5,100,5
373,10,5,300,12
374,1,1,15,15
374,2,2,15,15
374,3,3,20,20
374,4,3,4,2
374,5,4,26,13
374,6,4,60,12
374,7,4,60,6
374,8,4,100,5
374,9,4,300,12
375,1,1,15,15
375,2,2,25,25
375,3,3,10,10
375,4,3,4,2
375,5,4,26,13
375,6,4,15,3
375,7,5,45,9
375,8,5,30,3
375,9,6,30,3
375,10,6,100,5
375,11,6,300,12
376,1,1,25,25
376,2,2,25,25
376,3,2,30,15
376,4,2,20,4
376,5,3,25,5
376,6,4,15,3
376,7,5,60,6
376,8,5,100,5
376,9,5,300,12
377,1,1,25,25
377,2,2,15,15
377,3,3,10,10
377,4,3,4,2
377,5,4,26,13
377,6,5,40,8
377,7,6,20,4
377,8,6,60,6
377,9,6,100,5
377,10,6,300,12
378,1,1,15,15
378,2,2,25,25
378,3,3,10,10
378,4,3,30,15
378,5,3,60,12
378,6,3,60,6
378,7,3,100,5
378,8,3,300,12
379,1,1,15,15
379,2,2,25,25
379,3,3,10,10
379,4,3,30,15
379,5,3,60,12
379,6,3,60,6
379,7,3,100,5
379,8,3,300,12
380,1,1,15,15
380,2,2,15,15
380,3,3,20,20
380,4,3,4,2
380,5,4,26,13
380,6,4,60,12
380,7,4,60,6
380,8,4,100,5
380,9,4,300,12
381,1,1,28,28
381,2,2,20,20
381,3,3,2,2
381,4,3,30,15
381,5,4,40,8
381,6,5,20,4
381,7,6,60,6
381,8,6,100,5
381,9,6,300,12
382,1,1,25,25
382,2,2,25,25
382,3,3,24,12
382,4,4,6,3
382,5,4,35,7
382,6,5,25,5
382,7,5,60,6
382,8,5,100,5
382,9,5,300,12
383,1,1,15,15
383,2,2,20,20
383,3,3,15,15
383,4,3,4,2
383,5,4,26,13
383,6,4,25,5
383,7,5,30,6
383,8,6,5,1
383,9,6,60,6
383,10,6,100,5
383,11,6,300,12
384,1,1,20,20
384,2,2,20,20
384,3,3,10,10
384,4,3,4,2
384,5,4,26,13
384,6,4,5,1
384,7,5,55,11
384,8,5,60,6
384,9,5,100,5
384,10,5,300,12
385,1,1,25,25
385,2,2,25,25
385,3,2,2,1
385,4,3,26,13
385,5,4,2,1
385,6,4,35,7
385,7,5,25,5
385,8,5,10,1
385,9,6,50,5
385,10,6,100,5
385,11,6,300,12
386,1,1,20,20
386,2,2,20,20
386,3,3,10,10
386,4,3,10,5
386,5,4,20,10
386,6,4,10,2
386,7,5,50,10
386,8,5,60,6
386,9,5,100,5
386,10,5,300,12
387,1,1,20,20
387,2,2,20,20
387,3,3,10,10
387,4,3,4,2
387,5,4,26,13
387,6,4,5,1
387,7,5,55,11
387,8,5,60,6
387,9,5,100,5
387,10,5,300,12
388,1,1,20,20
388,2,2,12,12
388,3,3,15,15
388,4,4,3,3
388,5,4,24,12
388,6,5,6,3
388,7,5,15,3
388,8,6,30,6
388,9,7,15,3
388,10,7,60,6
388,11,7,100,5
388,12,7,300,12
389,1,1,15,15
389,2,2,15,15
389,3,3,20,20
389,4,3,4,2
389,5,4,26,13
389,6,5,25,5
389,7,6,35,7
389,8,6,60,6
389,9,6,100,5
389,10,6,300,12
390,1,1,25,25
390,2,2,15,15
390,3,3,10,10
390,4,3,14,7
390,5,4,16,8
390,6,4,10,2
390,7,5,25,5
390,8,6,25,5
390,9,7,60,6
390,10,7,100,5
390,11,7,300,12
391,1,1,25,25
391,2,2,15,15
391,3,3,10,10
391,4,3,14,7
391,5,4,16,8
391,6,4,10,2
391,7,5,25,5
391,8,6,25,5
391,9,6,60,6
391,10,6,100,5
391,11,6,300,12
392,1,1,25,25
392,2,2,15,15
392,3,3,10,10
392,4,3,14,7
392,5,4,16,8
392,6,4,10,2
392,7,5,25,5
392,8,6,25,5
392,9,6,60,6
392,10,6,100,5
392,11,6,300,12
393,1,1,15,15
393,2,2,15,15
393,3,3,15,15
393,4,4,5,5
393,5,4,10,5
393,6,5,20,10
393,7,5,5,1
393,8,6,55,11
393,9,6,60,6
393,10,6,100,5
393,11,6,300,12
394,1,1,25,25
394,2,2,25,25
394,3,2,8,4
394,4,3,22,11
394,5,4,35,7
394,6,5,25,5
394,7,6,60,6
394,8,6,100,5
394,9,6,300,12
395,1,1,25,25
395,2,2,25,25
395,3,3,14,7
395,4,4,16,8
395,5,4,10,2
395,6,5,25,5
395,7,6,25,5
395,8,6,60,6
395,9,6,100,5
395,10,6,300,12
396,1,1,25,25
396,2,2,15,15
396,3,3,10,10
396,4,3,4,2
396,5,4,26,13
396,6,5,25,5
396,7,6,35,7
396,8,6,60,6
396,9,6,100,5
396,10,6,300,12
397,1,1,25,25
397,2,2,25,25
397,3,2,4,2
397,4,3,22,11
397,5,4,4,2
397,6,4,35,7
397,7,5,25,5
397,8,6,60,6
397,9,6,100,5
397,10,6,300,12
398,1,1,25,25
398,2,2,25,25
398,3,2,4,2
398,4,3,22,11
398,5,4,4,2
398,6,4,35,7
398,7,5,25,5
398,8,6,60,6
398,9,6,100,5
398,10,6,300,12
399,1,1,25,25
399,2,2,15,15
399,3,3,10,10
399,4,3,4,2
399,5,4,26,13
399,6,5,25,5
399,7,6,35,7
399,8,6,60,6
399,9,6,100,5
399,10,6,300,12
400,1,1,25,25
400,2,2,25,25
400,3,3,14,7
400,4,4,16,8
400,5,4,10,2
400,6,5,25,5
400,7,6,25,5
400,8,6,60,6
400,9,6,100,5
400,10,6,300,12
401,1,1,25,25
401,2,2,25,25
401,3,3,30,15
401,4,3,10,2
401,5,4,40,8
401,6,5,10,2
401,7,5,60,6
401,8,5,100,5
401,9,5,300,12
402,1,1,25,25
402,2,2,25,25
402,3,3,14,7
402,4,4,16,8
402,5,4,60,12
402,6,5,60,6
402,7,5,100,5
402,8,5,300,12
403,1,1,25,25
403,2,2,25,25
403,3,3,30,15
403,4,3,60,12
403,5,3,60,6
403,6,3,100,5
403,7,3,300,12
404,1,1,20,20
404,2,2,15,15
404,3,3,15,15
404,4,4,14,7
404,5,5,16,8
404,6,5,10,2
404,7,6,50,10
404,8,6,60,6
404,9,6,100,5
404,10,6,300,12
405,1,1,20,20
405,2,2,15,15
405,3,3,15,15
405,4,4,14,7
405,5,5,16,8
405,6,5,10,2
405,7,6,50,10
405,8,6,60,6
405,9,6,100,5
405,10,6,300,12
406,1,1,15,15
406,2,2,15,15
406,3,3,15,15
406,4,4,5,5
406,5,4,10,5
406,6,5,20,10
406,7,5,5,1
406,8,6,55,11
406,9,6,60,6
406,10,6,100,5
406,11,6,300,12
407,1,1,25,25
407,2,2,15,15
407,3,3,10,10
407,4,3,4,2
407,5,4,26,13
407,6,5,40,8
407,7,6,20,4
407,8,6,60,6
407,9,6,100,5
407,10,6,300,12
408,1,1,25,25
408,2,2,15,15
408,3,3,10,10
408,4,3,14,7
408,5,4,16,8
408,6,4,10,2
408,7,5,25,5
408,8,6,25,5
408,9,6,60,6
408,10,6,100,5
408,11,6,300,12
409,1,1,25,25
409,2,2,15,15
409,3,3,10,10
409,4,3,4,2
409,5,4,26,13
409,6,5,30,6
409,7,6,30,6
409,8,6,60,6
409,9,6,100,5
409,10,6,300,12
410,1,1,25,25
410,2,2,15,15
410,3,3,10,10
410,4,3,14,7
410,5,4,16,8
410,6,4,10,2
410,7,5,40,8
410,8,6,10,2
410,9,6,60,6
410,10,6,100,5
410,11,6,300,12
411,1,1,25,25
411,2,2,15,15
411,3,3,10,10
411,4,3,4,2
411,5,4,26,13
411,6,5,25,5
411,7,6,35,7
411,8,6,60,6
411,9,6,100,5
411,10,6,300,12
412,1,1,25,25
412,2,2,15,15
412,3,3,10,10
412,4,3,14,7
412,5,4,16,8
412,6,4,10,2
412,7,5,25,5
412,8,6,25,5
412,9,6,60,6
412,10,6,100,5
412,11,6,300,12
413,1,1,25,25
413,2,2,15,15
413,3,3,10,10
413,4,3,14,7
413,5,4,16,8
413,6,4,10,2
413,7,5,25,5
413,8,6,25,5
413,9,6,60,6
413,10,6,100,5
413,11,6,300,12
414,1,1,20,20
414,2,2,15,15
414,3,3,15,15
414,4,4,28,14
414,5,5,2,1
414,6,5,20,4
414,7,6,40,8
414,8,6,60,6
414,9,6,100,5
414,10,6,300,12
415,1,1,15,15
415,2,2,15,15
415,3,3,20,20
415,4,3,4,2
415,5,4,26,13
415,6,4,10,2
415,7,5,20,4
415,8,6,30,6
415,9,6,60,6
415,10,6,100,5
415,11,6,300,12
416,1,1,25,25
416,2,2,15,15
416,3,3,10,10
416,4,3,4,2
416,5,4,26,13
416,6,5,40,8
416,7,6,20,4
416,8,6,60,6
416,9,6,100,5
416,10,6,300,12
417,1,1,25,25
417,2,2,25,25
417,3,3,24,12
417,4,4,6,3
417,5,4,35,7
417,6,5,25,5
417,7,6,60,6
417,8,6,100,5
417,9,6,300,12
418,1,1,15,15
418,2,2,25,25
418,3,3,10,10
418,4,3,30,15
418,5,4,25,5
418,6,5,35,7
418,7,5,60,6
418,8,5,100,5
418,9,5,300,12
419,1,1,25,25
419,2,2,25,25
419,3,3,14,7
419,4,4,16,8
419,5,4,10,2
419,6,5,40,8
419,7,6,10,2
419,8,6,60,6
419,9,6,100,5
419,10,6,300,12
420,1,1,15,15
420,2,2,15,15
420,3,3,15,15
420,4,4,5,5
420,5,4,20,10
420,6,5,10,5
420,7,5,15,3
420,8,6,25,5
420,9,7,20,4
420,10,7,60,6
420,11,7,100,5
420,12,7,300,12
421,1,1,25,25
421,2,2,15,15
421,3,3,10,10
421,4,3,10,5
421,5,4,20,10
421,6,4,5,1
421,7,5,50,10
421,8,6,5,1
421,9,6,20,2
421,10,7,40,4
421,11,7,100,5
421,12,7,300,12
422,1,1,40,40
422,2,2,10,10
422,3,2,14,7
422,4,3,16,8
422,5,3,10,2
422,6,4,25,5
422,7,5,25,5
422,8,6,60,6
422,9,6,100,5
422,10,6,300,12
423,1,1,20,20
423,2,2,15,15
423,3,3,15,15
423,4,3,10,5
423,5,4,20,10
423,6,4,5,1
423,7,5,40,8
423,8,6,15,3
423,9,6,60,6
423,10,6,100,5
423,11,6,300,12
424,1,1,25,25
424,2,2,25,25
424,3,3,24,12
424,4,4,6,3
424,5,4,35,7
424,6,5,25,5
424,7,6,60,6
424,8,6,100,5
424,9,6,300,12
425,1,1,25,25
425,2,2,15,15
425,3,3,10,10
425,4,3,14,7
425,5,4,16,8
425,6,4,10,2
425,7,5,25,5
425,8,6,25,5
425,9,6,60,6
425,10,6,100,5
425,11,6,300,12
426,1,1,25,25
426,2,2,15,15
426,3,3,10,10
426,4,3,14,7
426,5,4,16,8
426,6,4,10,2
426,7,5,25,5
426,8,6,25,5
426,9,6,60,6
426,10,6,100,5
426,11,6,300,12
427,1,1,25,25
427,2,2,25,25
427,3,3,24,12
427,4,4,6,3
427,5,4,20,4
427,6,5,25,5
427,7,6,15,3
427,8,6,60,6
427,9,6,100,5
427,10,6,300,12
428,1,1,25,25
428,2,2,15,15
428,3,3,10,10
428,4,3,14,7
428,5,4,16,8
428,6,4,10,2
428,7,5,30,6
428,8,6,20,4
428,9,6,60,6
428,10,6,100,5
428,11,6,300,12
429,1,1,8,8
429,2,2,25,25
429,3,3,17,17
429,4,3,22,11
429,5,4,8,4
429,6,4,15,3
429,7,5,45,9
429,8,5,60,6
429,9,5,100,5
429,10,5,300,12
430,1,1,25,25
430,2,2,15,15
430,3,3,10,10
430,4,3,14,7
430,5,4,16,8
430,6,4,10,2
430,7,5,25,5
430,8,6,25,5
430,9,6,60,6
430,10,6,100,5
430,11,6,300,12
431,1,1,25,25
431,2,2,25,25
431,3,3,24,12
431,4,4,6,3
431,5,4,20,4
431,6,5,25,5
431,7,6,15,3
431,8,6,60,6
431,9,6,100,5
431,10,6,300,12
432,1,1,25,25
432,2,2,25,25
432,3,3,24,12
432,4,4,6,3
432,5,4,20,4
432,6,5,40,8
432,7,5,60,6
432,8,5,100,5
432,9,5,300,12
433,1,1,20,20
433,2,2,25,25
433,3,3,5,5
433,4,3,20,10
433,5,4,10,5
433,6,4,30,6
433,7,5,30,6
433,8,5,60,6
433,9,5,100,5
433,10,5,300,12
434,1,1,25,25
434,2,2,15,15
434,3,3,10,10
434,4,3,14,7
434,5,4,16,8
434,6,4,10,2
434,7,5,30,6
434,8,6,20,4
434,9,6,60,6
434,10,6,100,5
434,11,6,300,12
435,1,1,25,25
435,2,2,25,25
435,3,3,30,15
435,4,3,10,2
435,5,4,40,8
435,6,5,10,2
435,7,5,30,3
435,8,6,30,3
435,9,6,100,5
435,10,6,300,12
436,1,1,25,25
436,2,2,25,25
436,3,3,24,12
436,4,4,6,3
436,5,4,35,7
436,6,5,25,5
436,7,5,60,6
436,8,5,100,5
436,9,5,300,12
437,1,1,25,25
437,2,2,25,25
437,3,3,24,12
437,4,4,6,3
437,5,4,35,7
437,6,5,25,5
437,7,6,60,6
437,8,6,100,5
437,9,6,300,12
438,1,1,25,25
438,2,2,25,25
438,3,3,30,15
438,4,3,10,2
438,5,4,40,8
438,6,5,10,2
438,7,5,60,6
438,8,5,100,5
438,9,5,300,12
439,1,1,25,25
439,2,2,25,25
439,3,3,24,12
439,4,4,6,3
439,5,4,35,7
439,6,5,25,5
439,7,6,60,6
439,8,6,100,5
439,9,6,300,12
440,1,1,25,25
440,2,2,15,15
440,3,3,10,10
440,4,3,14,7
440,5,4,16,8
440,6,4,15,3
440,7,5,25,5
440,8,6,20,4
440,9,6,60,6
440,10,6,100,5
440,11,6,300,12
441,1,1,25,25
441,2,2,15,15
441,3,3,10,10
441,4,3,14,7
441,5,4,16,8
441,6,4,10,2
441,7,5,50,10
441,8,5,60,6
441,9,5,100,5
441,10,5,300,12
442,1,1,25,25
442,2,2,15,15
442,3,3,10,10
442,4,3,14,7
442,5,4,16,8
442,6,5,20,4
442,7,6,40,8
442,8,6,60,6
442,9,6,100,5
442,10,6,300,12
443,1,1,25,25
443,2,2,15,15
443,3,3,10,10
443,4,3,14,7
443,5,4,16,8
443,6,4,10,2
443,7,5,50,10
443,8,5,60,6
443,9,5,100,5
443,10,5,300,12
444,1,1,15,15
444,2,2,15,15
444,3,3,20,20
444,4,3,4,2
444,5,4,26,13
444,6,5,40,8
444,7,6,20,4
444,8,6,60,6
444,9,6,100,5
444,10,6,300,12
445,1,1,25,25
445,2,2,15,15
445,3,3,10,10
445,4,3,10,5
445,5,4,20,10
445,6,4,5,1
445,7,5,40,8
445,8,6,15,3
445,9,6,60,6
445,10,6,100,5
445,11,6,300,12
446,1,1,25,25
446,2,2,15,15
446,3,3,10,10
446,4,3,10,5
446,5,4,20,10
446,6,4,5,1
446,7,5,40,8
446,8,6,15,3
446,9,6,60,6
446,10,6,100,5
446,11,6,300,12
447,1,1,25,25
447,2,2,15,15
447,3,3,10,10
447,4,3,14,7
447,5,4,16,8
447,6,4,15,3
447,7,5,25,5
447,8,6,20,4
447,9,6,60,6
447,10,6,100,5
447,11,6,300,12
448,1,1,25,25
448,2,2,15,15
448,3,3,10,10
448,4,3,14,7
448,5,4,16,8
448,6,4,25,5
448,7,5,35,7
448,8,6,60,6
448,9,6,100,5
448,10,6,300,12
449,1,1,25,25
449,2,2,25,25
449,3,3,24,12
449,4,4,6,3
449,5,4,20,4
449,6,5,25,5
449,7,6,15,3
449,8,6,60,6
449,9,6,100,5
449,10,6,300,12
450,1,1,25,25
450,2,2,15,15
450,3,3,10,10
450,4,3,14,7
450,5,4,16,8
450,6,4,60,12
450,7,4,60,6
450,8,4,100,5
450,9,4,300,12
451,1,1,25,25
451,2,2,15,15
451,3,3,10,10
451,4,3,14,7
451,5,4,16,8
451,6,4,10,2
451,7,5,40,8
451,8,6,10,2
451,9,6,60,6
451,10,6,100,5
451,11,6,300,12
452,1,1,25,25
452,2,2,25,25
452,3,2,14,7
452,4,3,16,8
452,5,3,15,3
452,6,4,45,9
452,7,4,60,6
452,8,4,100,5
452,9,4,300,12
453,1,1,25,25
453,2,2,15,15
453,3,3,10,10
453,4,3,14,7
453,5,4,16,8
453,6,4,25,5
453,7,5,25,5
453,8,6,10,2
453,9,6,60,6
453,10,6,100,5
453,11,6,300,12
454,1,1,25,25
454,2,2,25,25
454,3,3,24,12
454,4,4,6,3
454,5,4,20,4
454,6,5,25,5
454,7,6,15,3
454,8,6,60,6
454,9,6,100,5
454,10,6,300,12
455,1,1,25,25
455,2,2,25,25
455,3,3,24,12
455,4,4,6,3
455,5,4,20,4
455,6,5,25,5
455,7,6,15,3
455,8,6,60,6
455,9,6,100,5
455,10,6,300,12
456,1,1,15,15
456,2,2,25,25
456,3,3,10,10
456,4,3,30,15
456,5,4,40,8
456,6,5,20,4
456,7,5,60,6
456,8,5,100,5
456,9,5,300,12
457,1,1,25,25
457,2,2,15,15
457,3,3,10,10
457,4,3,14,7
457,5,4,16,8
457,6,4,10,2
457,7,5,50,10
457,8,5,60,6
457,9,5,100,5
457,10,5,300,12
458,1,1,25,25
458,2,2,15,15
458,3,3,10,10
458,4,3,14,7
458,5,4,16,8
458,6,4,10,2
458,7,5,25,5
458,8,6,25,5
458,9,6,60,6
458,10,6,100,5
458,11,6,300,12
459,1,1,23,23
459,2,2,18,18
459,3,3,9,9
459,4,3,14,7
459,5,4,16,8
459,6,4,10,2
459,7,5,35,7
459,8,6,15,3
459,9,6,60,6
459,10,6,100,5
459,11,6,300,12
460,1,1,25,25
460,2,2,15,15
460,3,3,10,10
460,4,3,14,7
460,5,4,16,8
460,6,4,60,12
460,7,4,60,6
460,8,4,100,5
460,9,4,300,12
461,1,1,25,25
461,2,2,25,25
461,3,3,30,15
461,4,3,10,2
461,5,4,50,10
461,6,4,60,6
461,7,4,100,5
461,8,4,300,12
462,1,1,25,25
462,2,2,15,15
462,3,3,10,10
462,4,3,14,7
462,5,4,16,8
462,6,4,10,2
462,7,5,25,5
462,8,6,25,5
462,9,7,60,6
462,10,7,100,5
462,11,7,300,12
463,1,1,8,8
463,2,2,15,15
463,3,3,25,25
463,4,4,2,2
463,5,4,22,11
463,6,5,8,4
463,7,5,15,3
463,8,6,25,5
463,9,7,20,4
463,10,8,60,6
463,11,8,100,5
463,12,8,300,12
464,1,1,25,25
464,2,2,25,25
464,3,3,24,12
464,4,4,6,3
464,5,4,20,4
464,6,5,40,8
464,7,5,60,6
464,8,5,100,5
464,9,5,300,12
465,1,1,25,25
465,2,2,15,15
465,3,3,10,10
465,4,3,14,7
465,5,4,16,8
465,6,4,10,2
465,7,5,40,8
465,8,6,10,2
465,9,6,60,6
465,10,6,100,5
465,11,6,300,12
466,1,1,25,25
466,2,2,15,15
466,3,3,10,10
466,4,3,14,7
466,5,4,16,8
466,6,4,10,2
466,7,5,25,5
466,8,6,25,5
466,9,7,60,6
466,10,7,100,5
466,11,7,300,12
467,1,1,25,25
467,2,2,15,15
467,3,3,10,10
467,4,3,14,7
467,5,4,16,8
467,6,4,10,2
467,7,5,25,5
467,8,6,25,5
467,9,7,60,6
467,10,7,100,5
467,11,7,300,12
468,1,1,15,15
468,2,2,8,8
468,3,3,15,15
468,4,4,12,12
468,5,4,30,15
468,6,4,60,12
468,7,4,60,6
468,8,4,100,5
468,9,4,300,12
469,1,1,15,15
469,2,2,8,8
469,3,3,27,27
469,4,3,12,6
469,5,4,18,9
469,6,4,55,11
469,7,5,5,1
469,8,5,60,6
469,9,5,100,5
469,10,5,300,12
470,1,1,20,20
470,2,2,24,24
470,3,3,6,6
470,4,3,30,15
470,5,4,60,12
470,6,4,60,6
470,7,4,100,5
470,8,4,300,12
471,1,1,15,15
471,2,2,8,8
471,3,3,27,27
471,4,3,12,6
471,5,4,18,9
471,6,4,55,11
471,7,5,5,1
471,8,5,60,6
471,9,5,100,5
471,10,5,300,12
472,1,1,25,25
472,2,2,25,25
472,3,3,24,12
472,4,4,6,3
472,5,4,60,12
472,6,4,60,6
472,7,4,100,5
472,8,4,300,12
473,1,1,15,15
473,2,2,8,8
473,3,3,27,27
473,4,3,12,6
473,5,4,18,9
473,6,4,55,11
473,7,5,5,1
473,8,5,60,6
473,9,5,100,5
473,10,5,300,12
474,1,1,33,33
474,2,2,17,17
474,3,2,8,4
474,4,3,16,8
474,5,4,6,3
474,6,4,20,4
474,7,5,30,6
474,8,6,10,2
474,9,7,60,6
474,10,7,100,5
474,11,7,300,12
475,1,1,15,15
475,2,2,15,15
475,3,3,20,20
475,4,3,20,10
475,5,4,10,5
475,6,4,15,3
475,7,5,45,9
475,8,5,60,6
475,9,5,100,5
475,10,5,300,12
476,1,1,15,15
476,2,2,25,25
476,3,3,10,10
476,4,3,14,7
476,5,4,16,8
476,6,4,5,1
476,7,5,55,11
476,8,5,60,6
476,9,5,100,5
476,10,5,300,12
477,1,1,25,25
477,2,2,25,25
477,3,3,30,15
477,4,4,45,9
477,5,5,15,3
477,6,5,30,3
477,7,6,30,3
477,8,6,100,5
477,9,6,300,12
478,1,1,25,25
478,2,2,25,25
478,3,3,30,15
478,4,4,45,9
478,5,5,15,3
478,6,5,60,6
478,7,5,100,5
478,8,5,300,12
479,1,1,25,25
479,2,2,25,25
479,3,2,14,7
479,4,3,16,8
479,5,3,10,2
479,6,4,50,10
479,7,4,60,6
479,8,4,100,5
479,9,4,300,12
480,1,1,8,8
480,2,2,40,40
480,3,3,2,2
480,4,3,30,15
480,5,3,5,1
480,6,4,55,11
480,7,4,60,6
480,8,4,100,5
480,9,4,300,12
481,1,1,25,25
481,2,2,25,25
481,3,2,14,7
481,4,3,16,8
481,5,3,10,2
481,6,4,50,10
481,7,4,60,6
481,8,4,100,5
481,9,4,300,12
482,1,1,15,15
482,2,2,8,8
482,3,3,15,15
482,4,4,12,12
482,5,4,30,15
482,6,4,60,12
482,7,4,60,6
482,8,4,100,5
482,9,4,300,12
483,1,1,15,15
483,2,2,8,8
483,3,3,15,15
483,4,4,12,12
483,5,4,30,15
483,6,4,60,12
483,7,4,60,6
483,8,4,100,5
483,9,4,300,12
484,1,1,25,25
484,2,2,25,25
484,3,3,24,12
484,4,4,6,3
484,5,4,35,7
484,6,5,25,5
484,7,5,60,6
484,8,5,100,5
484,9,5,300,12
485,1,1,25,25
485,2,2,15,15
485,3,3,10,10
485,4,3,4,2
485,5,4,16,8
485,6,5,10,5
485,7,5,60,12
485,8,5,60,6
485,9,5,100,5
485,10,5,300,12
486,1,1,15,15
486,2,2,35,35
486,3,3,30,15
486,4,4,35,7
486,5,5,25,5
486,6,5,60,6
486,7,5,100,5
486,8,5,300,12
487,1,1,24,24
487,2,2,26,26
487,3,2,8,4
487,4,3,22,11
487,5,3,10,2
487,6,4,30,6
487,7,5,20,4
487,8,5,60,6
487,9,5,100,5
487,10,5,300,12
488,1,1,17,17
488,2,2,21,21
488,3,3,12,12
488,4,3,16,8
488,5,4,14,7
488,6,4,10,2
488,7,5,30,6
488,8,6,20,4
488,9,6,60,6
488,10,6,100,5
488,11,6,300,12
489,1,1,32,32
489,2,2,18,18
489,3,2,8,4
489,4,3,22,11
489,5,3,15,3
489,6,4,25,5
489,7,5,20,4
489,8,5,60,6
489,9,5,100,5
489,10,5,300,12
490,1,1,12,12
490,2,2,15,15
490,3,3,23,23
490,4,3,2,1
490,5,4,28,14
490,6,4,5,1
490,7,5,55,11
490,8,6,60,6
490,9,6,100,5
490,10,6,300,12
491,1,1,19,19
491,2,2,23,23
491,3,3,8,8
491,4,3,16,8
491,5,4,14,7
491,6,4,10,2
491,7,5,50,10
491,8,5,60,6
491,9,5,100,5
491,10,5,300,12
492,1,1,17,17
492,2,2,28,28
492,3,3,5,5
492,4,3,22,11
492,5,4,8,4
492,6,4,30,6
492,7,5,30,6
492,8,5,60,6
492,9,5,100,5
492,10,5,300,12
493,1,1,19,19
493,2,2,27,27
493,3,3,4,4
493,4,3,20,10
493,5,4,10,5
493,6,4,15,3
493,7,5,15,3
493,8,6,30,6
493,9,7,60,6
493,10,7,100,5
493,11,7,300,12
494,1,1,15,15
494,2,2,25,25
494,3,3,10,10
494,4,3,14,7
494,5,4,16,8
494,6,4,25,5
494,7,5,35,7
494,8,6,60,6
494,9,6,100,5
494,10,6,300,12
495,1,1,8,8
495,2,2,15,15
495,3,3,15,15
495,4,4,12,12
495,5,4,12,6
495,6,5,18,9
495,7,5,5,1
495,8,6,55,11
495,9,6,60,6
495,10,6,100,5
495,11,6,300,12
496,1,1,15,15
496,2,2,20,20
496,3,3,15,15
496,4,3,24,12
496,5,4,6,3
496,6,4,35,7
496,7,5,25,5
496,8,5,60,6
496,9,5,100,5
496,10,5,300,12
497,1,1,15,15
497,2,2,25,25
497,3,3,10,10
497,4,3,14,7
497,5,4,16,8
497,6,4,25,5
497,7,5,35,7
497,8,6,60,6
497,9,6,100,5
497,10,6,300,12
498,1,1,15,15
498,2,2,20,20
498,3,3,15,15
498,4,3,10,5
498,5,4,20,10
498,6,4,5,1
498,7,5,25,5
498,8,6,30,6
498,9,6,60,6
498,10,6,100,5
498,11,6,300,12
499,1,1,15,15
499,2,2,25,25
499,3,3,10,10
499,4,3,22,11
499,5,4,8,4
499,6,4,30,6
499,7,5,30,6
499,8,5,60,6
499,9,5,100,5
499,10,5,300,12
500,1,1,15,15
500,2,2,15,15
500,3,3,20,20
500,4,3,4,2
500,5,4,26,13
500,6,5,40,8
500,7,6,20,4
500,8,6,60,6
500,9,6,100,5
500,10,6,300,12
501,1,1,15,15
501,2,2,15,15
501,3,3,20,20
501,4,3,4,2
501,5,4,26,13
501,6,5,25,5
501,7,6,35,7
501,8,6,60,6
501,9,6,100,5
501,10,6,300,12
502,1,1,15,15
502,2,2,15,15
502,3,3,15,15
502,4,4,5,5
502,5,4,20,10
502,6,5,10,5
502,7,5,15,3
502,8,6,45,9
502,9,6,60,6
502,10,6,100,5
502,11,6,300,12
503,1,1,15,15
503,2,2,15,15
503,3,3,15,15
503,4,4,5,5
503,5,4,20,10
503,6,5,10,5
503,7,5,60,12
503,8,5,60,6
503,9,5,100,5
503,10,5,300,12
504,1,1,15,15
504,2,2,25,25
504,3,3,10,10
504,4,3,30,15
504,5,4,25,5
504,6,5,35,7
504,7,5,60,6
504,8,5,100,5
504,9,5,300,12
505,1,1,25,25
505,2,2,15,15
505,3,3,10,10
505,4,3,14,7
505,5,4,16,8
505,6,4,10,2
505,7,5,25,5
505,8,6,25,5
505,9,6,60,6
505,10,6,100,5
505,11,6,300,12
506,1,1,15,15
506,2,2,15,15
506,3,3,20,20
506,4,3,4,2
506,5,4,26,13
506,6,5,40,8
506,7,6,20,4
506,8,6,60,6
506,9,6,100,5
506,10,6,300,12
507,1,1,25,25
507,2,2,15,15
507,3,3,10,10
507,4,3,4,2
507,5,4,26,13
507,6,5,25,5
507,7,6,35,7
507,8,6,60,6
507,9,6,100,5
507,10,6,300,12
508,1,1,25,25
508,2,2,15,15
508,3,3,10,10
508,4,3,10,5
508,5,4,20,10
508,6,4,5,1
508,7,5,25,5
508,8,6,30,6
508,9,6,60,6
508,10,6,100,5
508,11,6,300,12
509,1,1,15,15
509,2,2,15,15
509,3,3,20,20
509,4,3,4,2
509,5,4,26,13
509,6,5,25,5
509,7,6,35,7
509,8,6,60,6
509,9,6,100,5
509,10,6,300,12
510,1,1,15,15
510,2,2,15,15
510,3,3,15,15
510,4,4,5,5
510,5,4,20,10
510,6,5,10,5
510,7,5,15,3
510,8,6,45,9
510,9,6,60,6
510,10,6,100,5
510,11,6,300,12
511,1,1,15,15
511,2,2,15,15
511,3,3,20,20
511,4,3,4,2
511,5,4,26,13
511,6,4,15,3
511,7,5,25,5
511,8,6,20,4
511,9,6,60,6
511,10,6,100,5
511,11,6,300,12
512,1,1,20,20
512,2,2,15,15
512,3,3,15,15
512,4,3,4,2
512,5,4,26,13
512,6,5,50,10
512,7,6,10,2
512,8,6,60,6
512,9,6,100,5
512,10,6,300,12
513,1,1,20,20
513,2,2,15,15
513,3,3,15,15
513,4,3,4,2
513,5,4,26,13
513,6,5,50,10
513,7,6,10,2
513,8,6,60,6
513,9,6,100,5
513,10,6,300,12
514,1,1,20,20
514,2,2,15,15
514,3,3,15,15
514,4,3,4,2
514,5,4,26,13
514,6,5,50,10
514,7,6,10,2
514,8,6,60,6
514,9,6,100,5
514,10,6,300,12
515,1,1,20,20
515,2,2,15,15
515,3,3,15,15
515,4,3,4,2
515,5,4,26,13
515,6,5,50,10
515,7,6,10,2
515,8,6,60,6
515,9,6,100,5
515,10,6,300,12
516,1,1,25,25
516,2,2,15,15
516,3,3,10,10
516,4,3,4,2
516,5,4,26,13
516,6,5,40,8
516,7,6,20,4
516,8,6,60,6
516,9,6,100,5
516,10,6,300,12
517,1,1,25,25
517,2,2,25,25
517,3,3,24,12
517,4,4,6,3
517,5,4,20,4
517,6,5,25,5
517,7,6,15,3
517,8,6,10,1
517,9,7,50,5
517,10,7,100,5
517,11,7,300,12
518,1,1,25,25
518,2,2,15,15
518,3,3,10,10
518,4,3,4,2
518,5,4,26,13
518,6,5,25,5
518,7,6,35,7
518,8,6,60,6
518,9,6,100,5
518,10,6,300,12
519,1,1,15,15
519,2,2,15,15
519,3,3,6,6
519,4,4,14,14
519,5,4,6,3
519,6,5,24,12
519,7,6,60,12
519,8,6,60,6
519,9,6,100,5
519,10,6,300,12
520,1,1,15,15
520,2,2,15,15
520,3,3,15,15
520,4,4,5,5
520,5,4,14,7
520,6,5,16,8
520,7,5,10,2
520,8,6,50,10
520,9,6,60,6
520,10,6,100,5
520,11,6,300,12
521,1,1,20,20
521,2,2,15,15
521,3,3,15,15
521,4,3,4,2
521,5,4,26,13
521,6,5,50,10
521,7,6,10,2
521,8,6,60,6
521,9,6,100,5
521,10,6,300,12
522,1,1,25,25
522,2,2,15,15
522,3,3,10,10
522,4,3,4,2
522,5,4,26,13
522,6,5,25,5
522,7,6,35,7
522,8,6,60,6
522,9,6,100,5
522,10,6,300,12
523,1,1,25,25
523,2,2,6,6
523,3,3,19,19
523,4,3,6,3
523,5,4,24,12
523,6,5,25,5
523,7,6,35,7
523,8,6,60,6
523,9,6,100,5
523,10,6,300,12
524,1,1,25,25
524,2,2,15,15
524,3,3,10,10
524,4,3,4,2
524,5,4,26,13
524,6,5,25,5
524,7,6,35,7
524,8,6,60,6
524,9,6,100,5
524,10,6,300,12
525,1,1,25,25
525,2,2,25,25
525,3,3,24,12
525,4,4,6,3
525,5,4,20,4
525,6,5,25,5
525,7,6,15,3
525,8,6,60,6
525,9,6,100,5
525,10,6,300,12
526,1,1,25,25
526,2,2,15,15
526,3,3,10,10
526,4,3,14,7
526,5,4,16,8
526,6,4,10,2
526,7,5,25,5
526,8,6,25,5
526,9,6,60,6
526,10,6,100,5
526,11,6,300,12
527,1,1,25,25
527,2,2,15,15
527,3,3,10,10
527,4,3,14,7
527,5,4,16,8
527,6,4,10,2
527,7,5,30,6
527,8,6,20,4
527,9,6,60,6
527,10,6,100,5
527,11,6,300,12
528,1,1,25,25
528,2,2,25,25
528,3,3,14,7
528,4,4,16,8
528,5,4,10,2
528,6,5,25,5
528,7,6,25,5
528,8,6,60,6
528,9,6,100,5
528,10,6,300,12
529,1,1,25,25
529,2,2,15,15
529,3,3,10,10
529,4,3,4,2
529,5,4,26,13
529,6,5,25,5
529,7,6,35,7
529,8,6,60,6
529,9,6,100,5
529,10,6,300,12
530,1,1,15,15
530,2,2,15,15
530,3,3,15,15
530,4,4,5,5
530,5,4,14,7
530,6,5,16,8
530,7,5,10,2
530,8,6,50,10
530,9,6,60,6
530,10,6,100,5
530,11,6,300,12
531,1,1,15,15
531,2,2,15,15
531,3,3,15,15
531,4,4,5,5
531,5,4,10,5
531,6,5,20,10
531,7,5,5,1
531,8,6,55,11
531,9,6,60,6
531,10,6,100,5
531,11,6,300,12
532,1,1,15,15
532,2,2,15,15
532,3,3,20,20
532,4,3,4,2
532,5,4,26,13
532,6,4,5,1
532,7,5,55,11
532,8,5,60,6
532,9,5,100,5
532,10,5,300,12
533,1,1,15,15
533,2,2,15,15
533,3,3,20,20
533,4,3,4,2
533,5,4,26,13
533,6,5,25,5
533,7,6,35,7
533,8,6,60,6
533,9,6,100,5
533,10,6,300,12
534,1,1,15,15
534,2,2,15,15
534,3,3,15,15
534,4,4,5,5
534,5,4,20,10
534,6,5,10,5
534,7,5,20,4
534,8,6,40,8
534,9,6,60,6
534,10,6,100,5
534,11,6,300,12
535,1,1,20,20
535,2,2,15,15
535,3,3,15,15
535,4,3,4,2
535,5,4,26,13
535,6,5,50,10
535,7,6,10,2
535,8,6,60,6
535,9,6,100,5
535,10,6,300,12
536,1,1,25,25
536,2,2,15,15
536,3,3,10,10
536,4,3,4,2
536,5,4,26,13
536,6,5,25,5
536,7,6,35,7
536,8,6,60,6
536,9,6,100,5
536,10,6,300,12
