soil_id,crop_id,SWPREP,HPREP,HSOW,SWIND,DVSHARV,ZHARV,HHARV
0,6,1,-60,-60,1,1.75,-15,-60
1,6,0,0,-100,1,1.75,-15,-100
2,6,0,0,-100,1,1.75,-15,-100
3,6,0,0,-100,1,1.75,-15,-100
4,6,0,0,-90,1,1.75,-15,-90
5,6,0,0,-90,1,1.75,-15,-90
6,6,0,0,-100,1,1.75,-15,-100
7,6,0,0,-100,1,1.75,-15,-100
8,6,0,0,-100,1,1.75,-15,-100
9,6,0,0,-100,1,1.75,-15,-100
10,6,0,0,-100,1,1.75,-15,-100
11,6,0,0,-100,1,1.75,-15,-100
12,6,0,0,-100,1,1.75,-15,-100
13,6,0,0,-100,1,1.75,-15,-100
14,6,0,0,-100,1,1.75,-15,-100
15,6,0,0,-100,1,1.75,-15,-100
16,6,0,0,-90,1,1.75,-15,-90
17,6,0,0,-90,1,1.75,-15,-90
18,6,0,0,-90,1,1.75,-15,-90
19,6,0,0,-90,1,1.75,-15,-90
20,6,0,0,-100,1,1.75,-15,-100
21,6,0,0,-90,1,1.75,-15,-90
22,6,0,0,-100,1,1.75,-15,-100
23,6,0,0,-100,1,1.75,-15,-100
24,6,0,0,-90,1,1.75,-15,-90
25,6,0,0,-90,1,1.75,-15,-90
26,6,1,-60,-60,1,1.75,-15,-60
27,6,0,0,-90,1,1.75,-15,-90
28,6,0,0,-90,1,1.75,-15,-90
29,6,0,0,-100,1,1.75,-15,-100
30,6,0,0,-100,1,1.75,-15,-100
31,6,0,0,-100,1,1.75,-15,-100
32,6,0,0,-90,1,1.75,-15,-90
33,6,0,0,-100,1,1.75,-15,-100
34,6,0,0,-100,1,1.75,-15,-100
35,6,0,0,-90,1,1.75,-15,-90
36,6,0,0,-90,1,1.75,-15,-90
37,6,0,0,-100,1,1.75,-15,-100
38,6,0,0,-100,1,1.75,-15,-100
39,6,0,0,-100,1,1.75,-15,-100
40,6,0,0,-90,1,1.75,-15,-90
41,6,0,0,-90,1,1.75,-15,-90
42,6,0,0,-100,1,1.75,-15,-100
43,6,0,0,-100,1,1.75,-15,-100
44,6,0,0,-100,1,1.75,-15,-100
45,6,0,0,-100,1,1.75,-15,-100
46,6,0,0,-100,1,1.75,-15,-100
47,6,0,0,-100,1,1.75,-15,-100
48,6,1,-60,-60,1,1.75,-15,-60
49,6,0,0,-100,1,1.75,-15,-100
50,6,0,0,-100,1,1.75,-15,-100
51,6,0,0,-100,1,1.75,-15,-100
52,6,0,0,-90,1,1.75,-15,-90
53,6,1,-60,-60,1,1.75,-15,-60
54,6,0,0,-90,1,1.75,-15,-90
55,6,0,0,-90,1,1.75,-15,-90
56,6,0,0,-90,1,1.75,-15,-90
57,6,0,0,-90,1,1.75,-15,-90
58,6,0,0,-100,1,1.75,-15,-100
59,6,0,0,-100,1,1.75,-15,-100
60,6,0,0,-90,1,1.75,-15,-90
61,6,0,0,-100,1,1.75,-15,-100
62,6,0,0,-90,1,1.75,-15,-90
63,6,0,0,-90,1,1.75,-15,-90
64,6,0,0,-90,1,1.75,-15,-90
65,6,0,0,-90,1,1.75,-15,-90
66,6,0,0,-90,1,1.75,-15,-90
67,6,0,0,-90,1,1.75,-15,-90
68,6,0,0,-90,1,1.75,-15,-90
69,6,0,0,-90,1,1.75,-15,-90
70,6,1,-60,-60,1,1.75,-15,-60
71,6,1,-60,-60,1,1.75,-15,-60
72,6,1,-60,-60,1,1.75,-15,-60
73,6,0,0,-100,1,1.75,-15,-100
74,6,0,0,-100,1,1.75,-15,-100
75,6,1,-60,-60,1,1.75,-15,-60
76,6,0,0,-100,1,1.75,-15,-100
77,6,0,0,-100,1,1.75,-15,-100
78,6,0,0,-90,1,1.75,-15,-90
79,6,0,0,-90,1,1.75,-15,-90
80,6,0,0,-100,1,1.75,-15,-100
81,6,1,-60,-60,1,1.75,-15,-60
82,6,1,-60,-60,1,1.75,-15,-60
83,6,0,0,-90,1,1.75,-15,-90
84,6,1,-60,-60,1,1.75,-15,-60
85,6,1,-60,-60,1,1.75,-15,-60
86,6,1,-60,-60,1,1.75,-15,-60
87,6,1,-60,-60,1,1.75,-15,-60
88,6,1,-60,-60,1,1.75,-15,-60
89,6,1,-60,-60,1,1.75,-15,-60
90,6,1,-60,-60,1,1.75,-15,-60
91,6,1,-60,-60,1,1.75,-15,-60
92,6,1,-60,-60,1,1.75,-15,-60
93,6,1,-60,-60,1,1.75,-15,-60
94,6,1,-60,-60,1,1.75,-15,-60
95,6,1,-60,-60,1,1.75,-15,-60
96,6,0,0,-90,1,1.75,-15,-90
97,6,0,0,-90,1,1.75,-15,-90
98,6,1,-60,-60,1,1.75,-15,-60
99,6,1,-60,-60,1,1.75,-15,-60
100,6,1,-60,-60,1,1.75,-15,-60
101,6,1,-60,-60,1,1.75,-15,-60
102,6,1,-60,-60,1,1.75,-15,-60
103,6,1,-60,-60,1,1.75,-15,-60
104,6,1,-60,-60,1,1.75,-15,-60
105,6,1,-60,-60,1,1.75,-15,-60
106,6,1,-60,-60,1,1.75,-15,-60
107,6,1,-60,-60,1,1.75,-15,-60
108,6,1,-60,-60,1,1.75,-15,-60
109,6,1,-60,-60,1,1.75,-15,-60
110,6,1,-60,-60,1,1.75,-15,-60
111,6,1,-60,-60,1,1.75,-15,-60
112,6,1,-60,-60,1,1.75,-15,-60
113,6,1,-60,-60,1,1.75,-15,-60
114,6,1,-60,-60,1,1.75,-15,-60
115,6,1,-60,-60,1,1.75,-15,-60
116,6,1,-60,-60,1,1.75,-15,-60
117,6,1,-60,-60,1,1.75,-15,-60
118,6,0,0,-90,1,1.75,-15,-90
119,6,0,0,-90,1,1.75,-15,-90
120,6,0,0,-90,1,1.75,-15,-90
121,6,1,-60,-60,1,1.75,-15,-60
122,6,1,-60,-60,1,1.75,-15,-60
123,6,1,-60,-60,1,1.75,-15,-60
124,6,1,-60,-60,1,1.75,-15,-60
125,6,1,-60,-60,1,1.75,-15,-60
126,6,1,-60,-60,1,1.75,-15,-60
127,6,1,-60,-60,1,1.75,-15,-60
128,6,1,-60,-60,1,1.75,-15,-60
129,6,1,-60,-60,1,1.75,-15,-60
130,6,1,-60,-60,1,1.75,-15,-60
131,6,1,-60,-60,1,1.75,-15,-60
132,6,1,-60,-60,1,1.75,-15,-60
133,6,1,-60,-60,1,1.75,-15,-60
134,6,1,-60,-60,1,1.75,-15,-60
135,6,1,-60,-60,1,1.75,-15,-60
136,6,1,-60,-60,1,1.75,-15,-60
137,6,1,-60,-60,1,1.75,-15,-60
138,6,1,-60,-60,1,1.75,-15,-60
139,6,1,-60,-60,1,1.75,-15,-60
140,6,1,-60,-60,1,1.75,-15,-60
141,6,1,-60,-60,1,1.75,-15,-60
142,6,0,0,-90,1,1.75,-15,-90
143,6,1,-60,-60,1,1.75,-15,-60
144,6,1,-60,-60,1,1.75,-15,-60
145,6,0,0,-90,1,1.75,-15,-90
146,6,1,-60,-60,1,1.75,-15,-60
147,6,1,-60,-60,1,1.75,-15,-60
148,6,1,-60,-60,1,1.75,-15,-60
149,6,1,-60,-60,1,1.75,-15,-60
150,6,1,-60,-60,1,1.75,-15,-60
151,6,1,-60,-60,1,1.75,-15,-60
152,6,1,-60,-60,1,1.75,-15,-60
153,6,1,-60,-60,1,1.75,-15,-60
154,6,1,-60,-60,1,1.75,-15,-60
155,6,1,-60,-60,1,1.75,-15,-60
156,6,1,-60,-60,1,1.75,-15,-60
157,6,1,-60,-60,1,1.75,-15,-60
158,6,1,-60,-60,1,1.75,-15,-60
159,6,1,-60,-60,1,1.75,-15,-60
160,6,1,-60,-60,1,1.75,-15,-60
161,6,1,-60,-60,1,1.75,-15,-60
162,6,1,-60,-60,1,1.75,-15,-60
163,6,1,-60,-60,1,1.75,-15,-60
164,6,1,-60,-60,1,1.75,-15,-60
165,6,1,-60,-60,1,1.75,-15,-60
166,6,1,-60,-60,1,1.75,-15,-60
167,6,1,-60,-60,1,1.75,-15,-60
168,6,1,-60,-60,1,1.75,-15,-60
169,6,1,-60,-60,1,1.75,-15,-60
170,6,1,-60,-60,1,1.75,-15,-60
171,6,1,-60,-60,1,1.75,-15,-60
172,6,1,-60,-60,1,1.75,-15,-60
173,6,1,-60,-60,1,1.75,-15,-60
174,6,1,-60,-60,1,1.75,-15,-60
175,6,0,0,-90,1,1.75,-15,-90
176,6,1,-60,-60,1,1.75,-15,-60
177,6,0,0,-90,1,1.75,-15,-90
178,6,1,-60,-60,1,1.75,-15,-60
179,6,1,-60,-60,1,1.75,-15,-60
180,6,1,-60,-60,1,1.75,-15,-60
181,6,1,-60,-60,1,1.75,-15,-60
182,6,1,-60,-60,1,1.75,-15,-60
183,6,0,0,-90,1,1.75,-15,-90
184,6,1,-60,-60,1,1.75,-15,-60
185,6,1,-60,-60,1,1.75,-15,-60
186,6,1,-60,-60,1,1.75,-15,-60
187,6,1,-60,-60,1,1.75,-15,-60
188,6,1,-60,-60,1,1.75,-15,-60
189,6,1,-60,-60,1,1.75,-15,-60
190,6,1,-60,-60,1,1.75,-15,-60
191,6,1,-60,-60,1,1.75,-15,-60
192,6,1,-60,-60,1,1.75,-15,-60
193,6,1,-60,-60,1,1.75,-15,-60
194,6,1,-60,-60,1,1.75,-15,-60
195,6,1,-60,-60,1,1.75,-15,-60
196,6,1,-60,-60,1,1.75,-15,-60
197,6,1,-60,-60,1,1.75,-15,-60
198,6,1,-60,-60,1,1.75,-15,-60
199,6,1,-60,-60,1,1.75,-15,-60
200,6,1,-60,-60,1,1.75,-15,-60
201,6,1,-60,-60,1,1.75,-15,-60
202,6,1,-60,-60,1,1.75,-15,-60
203,6,0,0,-90,1,1.75,-15,-90
204,6,1,-60,-60,1,1.75,-15,-60
205,6,1,-60,-60,1,1.75,-15,-60
206,6,1,-60,-60,1,1.75,-15,-60
207,6,1,-60,-60,1,1.75,-15,-60
208,6,1,-60,-60,1,1.75,-15,-60
209,6,1,-60,-60,1,1.75,-15,-60
210,6,1,-60,-60,1,1.75,-15,-60
211,6,1,-60,-60,1,1.75,-15,-60
212,6,1,-60,-60,1,1.75,-15,-60
213,6,1,-60,-60,1,1.75,-15,-60
214,6,1,-60,-60,1,1.75,-15,-60
215,6,1,-60,-60,1,1.75,-15,-60
216,6,0,0,-100,1,1.75,-15,-100
217,6,0,0,-90,1,1.75,-15,-90
218,6,0,0,-90,1,1.75,-15,-90
219,6,0,0,-90,1,1.75,-15,-90
220,6,0,0,-90,1,1.75,-15,-90
221,6,1,-60,-60,1,1.75,-15,-60
222,6,0,0,-90,1,1.75,-15,-90
223,6,0,0,-90,1,1.75,-15,-90
224,6,1,-60,-60,1,1.75,-15,-60
225,6,1,-60,-60,1,1.75,-15,-60
226,6,1,-60,-60,1,1.75,-15,-60
227,6,1,-60,-60,1,1.75,-15,-60
228,6,0,0,-90,1,1.75,-15,-90
229,6,1,-60,-60,1,1.75,-15,-60
230,6,1,-60,-60,1,1.75,-15,-60
231,6,1,-60,-60,1,1.75,-15,-60
232,6,1,-60,-60,1,1.75,-15,-60
233,6,1,-60,-60,1,1.75,-15,-60
234,6,1,-60,-60,1,1.75,-15,-60
235,6,1,-60,-60,1,1.75,-15,-60
236,6,1,-60,-60,1,1.75,-15,-60
237,6,1,-60,-60,1,1.75,-15,-60
238,6,1,-60,-60,1,1.75,-15,-60
239,6,0,0,-90,1,1.75,-15,-90
240,6,1,-60,-60,1,1.75,-15,-60
241,6,1,-60,-60,1,1.75,-15,-60
242,6,1,-60,-60,1,1.75,-15,-60
243,6,0,0,-90,1,1.75,-15,-90
244,6,0,0,-90,1,1.75,-15,-90
245,6,0,0,-90,1,1.75,-15,-90
246,6,0,0,-90,1,1.75,-15,-90
247,6,0,0,-90,1,1.75,-15,-90
248,6,1,-60,-60,1,1.75,-15,-60
249,6,1,-60,-60,1,1.75,-15,-60
250,6,1,-60,-60,1,1.75,-15,-60
251,6,1,-60,-60,1,1.75,-15,-60
252,6,1,-60,-60,1,1.75,-15,-60
253,6,1,-60,-60,1,1.75,-15,-60
254,6,1,-60,-60,1,1.75,-15,-60
255,6,1,-60,-60,1,1.75,-15,-60
256,6,1,-60,-60,1,1.75,-15,-60
257,6,1,-60,-60,1,1.75,-15,-60
258,6,1,-60,-60,1,1.75,-15,-60
259,6,1,-60,-60,1,1.75,-15,-60
260,6,1,-60,-60,1,1.75,-15,-60
261,6,1,-60,-60,1,1.75,-15,-60
262,6,1,-60,-60,1,1.75,-15,-60
263,6,1,-60,-60,1,1.75,-15,-60
264,6,1,-60,-60,1,1.75,-15,-60
265,6,1,-60,-60,1,1.75,-15,-60
266,6,1,-60,-60,1,1.75,-15,-60
267,6,1,-60,-60,1,1.75,-15,-60
268,6,0,0,-90,1,1.75,-15,-90
269,6,0,0,-100,1,1.75,-15,-100
270,6,0,0,-90,1,1.75,-15,-90
271,6,0,0,-90,1,1.75,-15,-90
272,6,0,0,-100,1,1.75,-15,-100
273,6,1,-60,-60,1,1.75,-15,-60
274,6,0,0,-100,1,1.75,-15,-100
275,6,1,-60,-60,1,1.75,-15,-60
276,6,0,0,-90,1,1.75,-15,-90
277,6,1,-60,-60,1,1.75,-15,-60
278,6,1,-60,-60,1,1.75,-15,-60
279,6,0,0,-90,1,1.75,-15,-90
280,6,1,-60,-60,1,1.75,-15,-60
281,6,1,-60,-60,1,1.75,-15,-60
282,6,1,-60,-60,1,1.75,-15,-60
283,6,1,-60,-60,1,1.75,-15,-60
284,6,1,-60,-60,1,1.75,-15,-60
285,6,1,-60,-60,1,1.75,-15,-60
286,6,1,-60,-60,1,1.75,-15,-60
287,6,1,-60,-60,1,1.75,-15,-60
288,6,1,-60,-60,1,1.75,-15,-60
289,6,1,-60,-60,1,1.75,-15,-60
290,6,0,0,-90,1,1.75,-15,-90
291,6,1,-60,-60,1,1.75,-15,-60
292,6,1,-60,-60,1,1.75,-15,-60
293,6,0,0,-90,1,1.75,-15,-90
294,6,1,-60,-60,1,1.75,-15,-60
295,6,1,-60,-60,1,1.75,-15,-60
296,6,0,0,-90,1,1.75,-15,-90
297,6,0,0,-90,1,1.75,-15,-90
298,6,1,-60,-60,1,1.75,-15,-60
299,6,1,-60,-60,1,1.75,-15,-60
300,6,1,-60,-60,1,1.75,-15,-60
301,6,1,-60,-60,1,1.75,-15,-60
302,6,1,-60,-60,1,1.75,-15,-60
303,6,1,-60,-60,1,1.75,-15,-60
304,6,1,-60,-60,1,1.75,-15,-60
305,6,0,0,-100,1,1.75,-15,-100
306,6,1,-60,-60,1,1.75,-15,-60
307,6,1,-60,-60,1,1.75,-15,-60
308,6,1,-60,-60,1,1.75,-15,-60
309,6,1,-60,-60,1,1.75,-15,-60
310,6,1,-60,-60,1,1.75,-15,-60
311,6,1,-60,-60,1,1.75,-15,-60
312,6,1,-60,-60,1,1.75,-15,-60
313,6,1,-60,-60,1,1.75,-15,-60
314,6,1,-60,-60,1,1.75,-15,-60
315,6,1,-60,-60,1,1.75,-15,-60
316,6,0,0,-90,1,1.75,-15,-90
317,6,0,0,-90,1,1.75,-15,-90
318,6,0,0,-90,1,1.75,-15,-90
319,6,1,-60,-60,1,1.75,-15,-60
320,6,0,0,-90,1,1.75,-15,-90
321,6,0,0,-90,1,1.75,-15,-90
322,6,0,0,-90,1,1.75,-15,-90
323,6,1,-60,-60,1,1.75,-15,-60
324,6,0,0,-90,1,1.75,-15,-90
325,6,1,-60,-60,1,1.75,-15,-60
326,6,1,-60,-60,1,1.75,-15,-60
327,6,1,-60,-60,1,1.75,-15,-60
328,6,1,-60,-60,1,1.75,-15,-60
329,6,0,0,-90,1,1.75,-15,-90
330,6,1,-60,-60,1,1.75,-15,-60
331,6,1,-60,-60,1,1.75,-15,-60
332,6,0,0,-90,1,1.75,-15,-90
333,6,1,-60,-60,1,1.75,-15,-60
334,6,1,-60,-60,1,1.75,-15,-60
335,6,1,-60,-60,1,1.75,-15,-60
336,6,1,-60,-60,1,1.75,-15,-60
337,6,1,-60,-60,1,1.75,-15,-60
338,6,0,0,-90,1,1.75,-15,-90
339,6,0,0,-90,1,1.75,-15,-90
340,6,1,-60,-60,1,1.75,-15,-60
341,6,1,-60,-60,1,1.75,-15,-60
342,6,1,-60,-60,1,1.75,-15,-60
343,6,1,-60,-60,1,1.75,-15,-60
344,6,1,-60,-60,1,1.75,-15,-60
345,6,1,-60,-60,1,1.75,-15,-60
346,6,1,-60,-60,1,1.75,-15,-60
347,6,1,-60,-60,1,1.75,-15,-60
348,6,1,-60,-60,1,1.75,-15,-60
349,6,1,-60,-60,1,1.75,-15,-60
350,6,0,0,-90,1,1.75,-15,-90
351,6,0,0,-90,1,1.75,-15,-90
352,6,0,0,-90,1,1.75,-15,-90
353,6,1,-60,-60,1,1.75,-15,-60
354,6,1,-60,-60,1,1.75,-15,-60
355,6,1,-60,-60,1,1.75,-15,-60
356,6,1,-60,-60,1,1.75,-15,-60
357,6,1,-60,-60,1,1.75,-15,-60
358,6,0,0,-90,1,1.75,-15,-90
359,6,1,-60,-60,1,1.75,-15,-60
360,6,0,0,-90,1,1.75,-15,-90
361,6,0,0,-90,1,1.75,-15,-90
362,6,0,0,-90,1,1.75,-15,-90
363,6,1,-60,-60,1,1.75,-15,-60
364,6,1,-60,-60,1,1.75,-15,-60
365,6,0,0,-90,1,1.75,-15,-90
366,6,0,0,-90,1,1.75,-15,-90
367,6,0,0,-90,1,1.75,-15,-90
368,6,0,0,-100,1,1.75,-15,-100
369,6,0,0,-90,1,1.75,-15,-90
370,6,0,0,-100,1,1.75,-15,-100
371,6,1,-60,-60,1,1.75,-15,-60
372,6,1,-60,-60,1,1.75,-15,-60
373,6,0,0,-90,1,1.75,-15,-90
374,6,1,-60,-60,1,1.75,-15,-60
375,6,1,-60,-60,1,1.75,-15,-60
376,6,1,-60,-60,1,1.75,-15,-60
377,6,1,-60,-60,1,1.75,-15,-60
378,6,1,-60,-60,1,1.75,-15,-60
379,6,1,-60,-60,1,1.75,-15,-60
380,6,1,-60,-60,1,1.75,-15,-60
381,6,0,0,-90,1,1.75,-15,-90
382,6,0,0,-90,1,1.75,-15,-90
383,6,0,0,-90,1,1.75,-15,-90
384,6,0,0,-90,1,1.75,-15,-90
385,6,0,0,-90,1,1.75,-15,-90
386,6,0,0,-90,1,1.75,-15,-90
387,6,0,0,-90,1,1.75,-15,-90
388,6,1,-60,-60,1,1.75,-15,-60
389,6,0,0,-90,1,1.75,-15,-90
390,6,0,0,-90,1,1.75,-15,-90
391,6,0,0,-90,1,1.75,-15,-90
392,6,0,0,-90,1,1.75,-15,-90
393,6,0,0,-100,1,1.75,-15,-100
394,6,0,0,-90,1,1.75,-15,-90
395,6,0,0,-90,1,1.75,-15,-90
396,6,1,-60,-60,1,1.75,-15,-60
397,6,0,0,-90,1,1.75,-15,-90
398,6,0,0,-90,1,1.75,-15,-90
399,6,0,0,-90,1,1.75,-15,-90
400,6,0,0,-90,1,1.75,-15,-90
401,6,0,0,-90,1,1.75,-15,-90
402,6,1,-60,-60,1,1.75,-15,-60
403,6,0,0,-90,1,1.75,-15,-90
404,6,0,0,-90,1,1.75,-15,-90
405,6,0,0,-90,1,1.75,-15,-90
406,6,0,0,-100,1,1.75,-15,-100
407,6,0,0,-90,1,1.75,-15,-90
408,6,0,0,-100,1,1.75,-15,-100
409,6,1,-60,-60,1,1.75,-15,-60
410,6,0,0,-100,1,1.75,-15,-100
411,6,0,0,-90,1,1.75,-15,-90
412,6,0,0,-100,1,1.75,-15,-100
413,6,0,0,-90,1,1.75,-15,-90
414,6,0,0,-90,1,1.75,-15,-90
415,6,0,0,-100,1,1.75,-15,-100
416,6,0,0,-90,1,1.75,-15,-90
417,6,0,0,-90,1,1.75,-15,-90
418,6,0,0,-90,1,1.75,-15,-90
419,6,0,0,-90,1,1.75,-15,-90
420,6,1,-80,-80,1,1.75,-15,-80
421,6,0,0,-90,1,1.75,-15,-90
422,6,0,0,-90,1,1.75,-15,-90
423,6,0,0,-90,1,1.75,-15,-90
424,6,1,-60,-60,1,1.75,-15,-60
425,6,0,0,-90,1,1.75,-15,-90
426,6,0,0,-90,1,1.75,-15,-90
427,6,0,0,-90,1,1.75,-15,-90
428,6,0,0,-90,1,1.75,-15,-90
429,6,0,0,-100,1,1.75,-15,-100
430,6,0,0,-90,1,1.75,-15,-90
431,6,0,0,-90,1,1.75,-15,-90
432,6,0,0,-90,1,1.75,-15,-90
433,6,0,0,-90,1,1.75,-15,-90
434,6,0,0,-90,1,1.75,-15,-90
435,6,0,0,-90,1,1.75,-15,-90
436,6,0,0,-90,1,1.75,-15,-90
437,6,0,0,-90,1,1.75,-15,-90
438,6,0,0,-90,1,1.75,-15,-90
439,6,0,0,-90,1,1.75,-15,-90
440,6,0,0,-90,1,1.75,-15,-90
441,6,0,0,-90,1,1.75,-15,-90
442,6,0,0,-90,1,1.75,-15,-90
443,6,0,0,-90,1,1.75,-15,-90
444,6,0,0,-90,1,1.75,-15,-90
445,6,0,0,-90,1,1.75,-15,-90
446,6,0,0,-90,1,1.75,-15,-90
447,6,0,0,-90,1,1.75,-15,-90
448,6,0,0,-90,1,1.75,-15,-90
449,6,0,0,-90,1,1.75,-15,-90
450,6,0,0,-90,1,1.75,-15,-90
451,6,0,0,-90,1,1.75,-15,-90
452,6,0,0,-90,1,1.75,-15,-90
453,6,0,0,-90,1,1.75,-15,-90
454,6,0,0,-90,1,1.75,-15,-90
455,6,0,0,-90,1,1.75,-15,-90
456,6,0,0,-100,1,1.75,-15,-100
457,6,0,0,-90,1,1.75,-15,-90
458,6,0,0,-100,1,1.75,-15,-100
459,6,0,0,-90,1,1.75,-15,-90
460,6,0,0,-90,1,1.75,-15,-90
461,6,0,0,-90,1,1.75,-15,-90
462,6,0,0,-90,1,1.75,-15,-90
463,6,0,0,-90,1,1.75,-15,-90
464,6,0,0,-90,1,1.75,-15,-90
465,6,0,0,-90,1,1.75,-15,-90
466,6,0,0,-90,1,1.75,-15,-90
467,6,0,0,-90,1,1.75,-15,-90
468,6,0,0,-90,1,1.75,-15,-90
469,6,0,0,-90,1,1.75,-15,-90
470,6,0,0,-90,1,1.75,-15,-90
471,6,0,0,-90,1,1.75,-15,-90
472,6,0,0,-90,1,1.75,-15,-90
473,6,0,0,-90,1,1.75,-15,-90
474,6,0,0,-90,1,1.75,-15,-90
475,6,0,0,-90,1,1.75,-15,-90
476,6,0,0,-90,1,1.75,-15,-90
477,6,0,0,-90,1,1.75,-15,-90
478,6,0,0,-90,1,1.75,-15,-90
479,6,0,0,-90,1,1.75,-15,-90
480,6,0,0,-90,1,1.75,-15,-90
481,6,0,0,-90,1,1.75,-15,-90
482,6,0,0,-90,1,1.75,-15,-90
483,6,0,0,-90,1,1.75,-15,-90
484,6,0,0,-90,1,1.75,-15,-90
485,6,0,0,-90,1,1.75,-15,-90
486,6,1,-60,-60,1,1.75,-15,-60
487,6,1,-60,-60,1,1.75,-15,-60
488,6,1,-60,-60,1,1.75,-15,-60
489,6,1,-60,-60,1,1.75,-15,-60
490,6,0,0,-100,1,1.75,-15,-100
491,6,1,-60,-60,1,1.75,-15,-60
492,6,0,0,-90,1,1.75,-15,-90
493,6,1,-60,-60,1,1.75,-15,-60
494,6,0,0,-90,1,1.75,-15,-90
495,6,0,0,-90,1,1.75,-15,-90
496,6,0,0,-90,1,1.75,-15,-90
497,6,0,0,-90,1,1.75,-15,-90
498,6,0,0,-90,1,1.75,-15,-90
499,6,0,0,-90,1,1.75,-15,-90
500,6,0,0,-100,1,1.75,-15,-100
501,6,0,0,-100,1,1.75,-15,-100
502,6,0,0,-90,1,1.75,-15,-90
503,6,0,0,-100,1,1.75,-15,-100
504,6,0,0,-90,1,1.75,-15,-90
505,6,0,0,-90,1,1.75,-15,-90
506,6,0,0,-90,1,1.75,-15,-90
507,6,1,-60,-60,1,1.75,-15,-60
508,6,0,0,-90,1,1.75,-15,-90
509,6,0,0,-90,1,1.75,-15,-90
510,6,0,0,-90,1,1.75,-15,-90
511,6,0,0,-90,1,1.75,-15,-90
512,6,0,0,-90,1,1.75,-15,-90
513,6,0,0,-90,1,1.75,-15,-90
514,6,0,0,-90,1,1.75,-15,-90
515,6,0,0,-90,1,1.75,-15,-90
516,6,1,-60,-60,1,1.75,-15,-60
517,6,1,-60,-60,1,1.75,-15,-60
518,6,1,-60,-60,1,1.75,-15,-60
519,6,1,-60,-60,1,1.75,-15,-60
520,6,0,0,-90,1,1.75,-15,-90
521,6,0,0,-90,1,1.75,-15,-90
522,6,1,-60,-60,1,1.75,-15,-60
523,6,1,-60,-60,1,1.75,-15,-60
524,6,1,-60,-60,1,1.75,-15,-60
525,6,1,-60,-60,1,1.75,-15,-60
526,6,1,-60,-60,1,1.75,-15,-60
527,6,1,-60,-60,1,1.75,-15,-60
528,6,1,-60,-60,1,1.75,-15,-60
529,6,1,-60,-60,1,1.75,-15,-60
530,6,1,-60,-60,1,1.75,-15,-60
531,6,1,-60,-60,1,1.75,-15,-60
532,6,0,0,-100,1,1.75,-15,-100
533,6,0,0,-100,1,1.75,-15,-100
534,6,0,0,-100,1,1.75,-15,-100
535,6,0,0,-90,1,1.75,-15,-90
536,6,1,-60,-60,1,1.75,-15,-60
0,7,1,-50,-50,1,1.75,-15,-60
1,7,0,0,-70,1,1.75,-15,-100
2,7,0,0,-70,1,1.75,-15,-100
3,7,0,0,-70,1,1.75,-15,-100
4,7,0,0,-60,1,1.75,-15,-90
5,7,0,0,-60,1,1.75,-15,-90
6,7,0,0,-70,1,1.75,-15,-100
7,7,0,0,-70,1,1.75,-15,-100
8,7,0,0,-70,1,1.75,-15,-100
9,7,0,0,-70,1,1.75,-15,-100
10,7,0,0,-70,1,1.75,-15,-100
11,7,0,0,-70,1,1.75,-15,-100
12,7,0,0,-70,1,1.75,-15,-100
13,7,0,0,-70,1,1.75,-15,-100
14,7,0,0,-70,1,1.75,-15,-100
15,7,0,0,-70,1,1.75,-15,-100
16,7,0,0,-60,1,1.75,-15,-90
17,7,0,0,-60,1,1.75,-15,-90
18,7,0,0,-60,1,1.75,-15,-90
19,7,0,0,-60,1,1.75,-15,-90
20,7,0,0,-70,1,1.75,-15,-100
21,7,0,0,-60,1,1.75,-15,-90
22,7,0,0,-70,1,1.75,-15,-100
23,7,0,0,-70,1,1.75,-15,-100
24,7,0,0,-60,1,1.75,-15,-90
25,7,0,0,-60,1,1.75,-15,-90
26,7,1,-50,-50,1,1.75,-15,-60
27,7,0,0,-60,1,1.75,-15,-90
28,7,0,0,-60,1,1.75,-15,-90
29,7,0,0,-70,1,1.75,-15,-100
30,7,0,0,-70,1,1.75,-15,-100
31,7,0,0,-70,1,1.75,-15,-100
32,7,0,0,-60,1,1.75,-15,-90
33,7,0,0,-70,1,1.75,-15,-100
34,7,0,0,-70,1,1.75,-15,-100
35,7,0,0,-60,1,1.75,-15,-90
36,7,0,0,-60,1,1.75,-15,-90
37,7,0,0,-70,1,1.75,-15,-100
38,7,0,0,-70,1,1.75,-15,-100
39,7,0,0,-70,1,1.75,-15,-100
40,7,0,0,-60,1,1.75,-15,-90
41,7,0,0,-60,1,1.75,-15,-90
42,7,0,0,-70,1,1.75,-15,-100
43,7,0,0,-70,1,1.75,-15,-100
44,7,0,0,-70,1,1.75,-15,-100
45,7,0,0,-70,1,1.75,-15,-100
46,7,0,0,-70,1,1.75,-15,-100
47,7,0,0,-70,1,1.75,-15,-100
48,7,1,-50,-50,1,1.75,-15,-60
49,7,0,0,-70,1,1.75,-15,-100
50,7,0,0,-70,1,1.75,-15,-100
51,7,0,0,-70,1,1.75,-15,-100
52,7,0,0,-60,1,1.75,-15,-90
53,7,1,-50,-50,1,1.75,-15,-60
54,7,0,0,-60,1,1.75,-15,-90
55,7,0,0,-60,1,1.75,-15,-90
56,7,0,0,-60,1,1.75,-15,-90
57,7,0,0,-60,1,1.75,-15,-90
58,7,0,0,-70,1,1.75,-15,-100
59,7,0,0,-70,1,1.75,-15,-100
60,7,0,0,-60,1,1.75,-15,-90
61,7,0,0,-70,1,1.75,-15,-100
62,7,0,0,-60,1,1.75,-15,-90
63,7,0,0,-60,1,1.75,-15,-90
64,7,0,0,-60,1,1.75,-15,-90
65,7,0,0,-60,1,1.75,-15,-90
66,7,0,0,-60,1,1.75,-15,-90
67,7,0,0,-60,1,1.75,-15,-90
68,7,0,0,-60,1,1.75,-15,-90
69,7,0,0,-60,1,1.75,-15,-90
70,7,1,-50,-50,1,1.75,-15,-60
71,7,1,-50,-50,1,1.75,-15,-60
72,7,1,-50,-50,1,1.75,-15,-60
73,7,0,0,-70,1,1.75,-15,-100
74,7,0,0,-70,1,1.75,-15,-100
75,7,1,-50,-50,1,1.75,-15,-60
76,7,0,0,-70,1,1.75,-15,-100
77,7,0,0,-70,1,1.75,-15,-100
78,7,0,0,-60,1,1.75,-15,-90
79,7,0,0,-60,1,1.75,-15,-90
80,7,0,0,-70,1,1.75,-15,-100
81,7,1,-50,-50,1,1.75,-15,-60
82,7,1,-50,-50,1,1.75,-15,-60
83,7,0,0,-60,1,1.75,-15,-90
84,7,1,-50,-50,1,1.75,-15,-60
85,7,1,-50,-50,1,1.75,-15,-60
86,7,1,-50,-50,1,1.75,-15,-60
87,7,1,-50,-50,1,1.75,-15,-60
88,7,1,-50,-50,1,1.75,-15,-60
89,7,1,-50,-50,1,1.75,-15,-60
90,7,1,-50,-50,1,1.75,-15,-60
91,7,1,-50,-50,1,1.75,-15,-60
92,7,1,-50,-50,1,1.75,-15,-60
93,7,1,-50,-50,1,1.75,-15,-60
94,7,1,-50,-50,1,1.75,-15,-60
95,7,1,-50,-50,1,1.75,-15,-60
96,7,0,0,-60,1,1.75,-15,-90
97,7,0,0,-60,1,1.75,-15,-90
98,7,1,-50,-50,1,1.75,-15,-60
99,7,1,-50,-50,1,1.75,-15,-60
100,7,1,-50,-50,1,1.75,-15,-60
101,7,1,-50,-50,1,1.75,-15,-60
102,7,1,-50,-50,1,1.75,-15,-60
103,7,1,-50,-50,1,1.75,-15,-60
104,7,1,-50,-50,1,1.75,-15,-60
105,7,1,-50,-50,1,1.75,-15,-60
106,7,1,-50,-50,1,1.75,-15,-60
107,7,1,-50,-50,1,1.75,-15,-60
108,7,1,-50,-50,1,1.75,-15,-60
109,7,1,-50,-50,1,1.75,-15,-60
110,7,1,-50,-50,1,1.75,-15,-60
111,7,1,-50,-50,1,1.75,-15,-60
112,7,1,-50,-50,1,1.75,-15,-60
113,7,1,-50,-50,1,1.75,-15,-60
114,7,1,-50,-50,1,1.75,-15,-60
115,7,1,-50,-50,1,1.75,-15,-60
116,7,1,-50,-50,1,1.75,-15,-60
117,7,1,-50,-50,1,1.75,-15,-60
118,7,0,0,-60,1,1.75,-15,-90
119,7,0,0,-60,1,1.75,-15,-90
120,7,0,0,-60,1,1.75,-15,-90
121,7,1,-50,-50,1,1.75,-15,-60
122,7,1,-50,-50,1,1.75,-15,-60
123,7,1,-50,-50,1,1.75,-15,-60
124,7,1,-50,-50,1,1.75,-15,-60
125,7,1,-50,-50,1,1.75,-15,-60
126,7,1,-50,-50,1,1.75,-15,-60
127,7,1,-50,-50,1,1.75,-15,-60
128,7,1,-50,-50,1,1.75,-15,-60
129,7,1,-50,-50,1,1.75,-15,-60
130,7,1,-50,-50,1,1.75,-15,-60
131,7,1,-50,-50,1,1.75,-15,-60
132,7,1,-50,-50,1,1.75,-15,-60
133,7,1,-50,-50,1,1.75,-15,-60
134,7,1,-50,-50,1,1.75,-15,-60
135,7,1,-50,-50,1,1.75,-15,-60
136,7,1,-50,-50,1,1.75,-15,-60
137,7,1,-50,-50,1,1.75,-15,-60
138,7,1,-50,-50,1,1.75,-15,-60
139,7,1,-50,-50,1,1.75,-15,-60
140,7,1,-50,-50,1,1.75,-15,-60
141,7,1,-50,-50,1,1.75,-15,-60
142,7,0,0,-60,1,1.75,-15,-90
143,7,1,-50,-50,1,1.75,-15,-60
144,7,1,-50,-50,1,1.75,-15,-60
145,7,0,0,-60,1,1.75,-15,-90
146,7,1,-50,-50,1,1.75,-15,-60
147,7,1,-50,-50,1,1.75,-15,-60
148,7,1,-50,-50,1,1.75,-15,-60
149,7,1,-50,-50,1,1.75,-15,-60
150,7,1,-50,-50,1,1.75,-15,-60
151,7,1,-50,-50,1,1.75,-15,-60
152,7,1,-50,-50,1,1.75,-15,-60
153,7,1,-50,-50,1,1.75,-15,-60
154,7,1,-50,-50,1,1.75,-15,-60
155,7,1,-50,-50,1,1.75,-15,-60
156,7,1,-50,-50,1,1.75,-15,-60
157,7,1,-50,-50,1,1.75,-15,-60
158,7,1,-50,-50,1,1.75,-15,-60
159,7,1,-50,-50,1,1.75,-15,-60
160,7,1,-50,-50,1,1.75,-15,-60
161,7,1,-50,-50,1,1.75,-15,-60
162,7,1,-50,-50,1,1.75,-15,-60
163,7,1,-50,-50,1,1.75,-15,-60
164,7,1,-50,-50,1,1.75,-15,-60
165,7,1,-50,-50,1,1.75,-15,-60
166,7,1,-50,-50,1,1.75,-15,-60
167,7,1,-50,-50,1,1.75,-15,-60
168,7,1,-50,-50,1,1.75,-15,-60
169,7,1,-50,-50,1,1.75,-15,-60
170,7,1,-50,-50,1,1.75,-15,-60
171,7,1,-50,-50,1,1.75,-15,-60
172,7,1,-50,-50,1,1.75,-15,-60
173,7,1,-50,-50,1,1.75,-15,-60
174,7,1,-50,-50,1,1.75,-15,-60
175,7,0,0,-60,1,1.75,-15,-90
176,7,1,-50,-50,1,1.75,-15,-60
177,7,0,0,-60,1,1.75,-15,-90
178,7,1,-50,-50,1,1.75,-15,-60
179,7,1,-50,-50,1,1.75,-15,-60
180,7,1,-50,-50,1,1.75,-15,-60
181,7,1,-50,-50,1,1.75,-15,-60
182,7,1,-50,-50,1,1.75,-15,-60
183,7,0,0,-60,1,1.75,-15,-90
184,7,1,-50,-50,1,1.75,-15,-60
185,7,1,-50,-50,1,1.75,-15,-60
186,7,1,-50,-50,1,1.75,-15,-60
187,7,1,-50,-50,1,1.75,-15,-60
188,7,1,-50,-50,1,1.75,-15,-60
189,7,1,-50,-50,1,1.75,-15,-60
190,7,1,-50,-50,1,1.75,-15,-60
191,7,1,-50,-50,1,1.75,-15,-60
192,7,1,-50,-50,1,1.75,-15,-60
193,7,1,-50,-50,1,1.75,-15,-60
194,7,1,-50,-50,1,1.75,-15,-60
195,7,1,-50,-50,1,1.75,-15,-60
196,7,1,-50,-50,1,1.75,-15,-60
197,7,1,-50,-50,1,1.75,-15,-60
198,7,1,-50,-50,1,1.75,-15,-60
199,7,1,-50,-50,1,1.75,-15,-60
200,7,1,-50,-50,1,1.75,-15,-60
201,7,1,-50,-50,1,1.75,-15,-60
202,7,1,-50,-50,1,1.75,-15,-60
203,7,0,0,-60,1,1.75,-15,-90
204,7,1,-50,-50,1,1.75,-15,-60
205,7,1,-50,-50,1,1.75,-15,-60
206,7,1,-50,-50,1,1.75,-15,-60
207,7,1,-50,-50,1,1.75,-15,-60
208,7,1,-50,-50,1,1.75,-15,-60
209,7,1,-50,-50,1,1.75,-15,-60
210,7,1,-50,-50,1,1.75,-15,-60
211,7,1,-50,-50,1,1.75,-15,-60
212,7,1,-50,-50,1,1.75,-15,-60
213,7,1,-50,-50,1,1.75,-15,-60
214,7,1,-50,-50,1,1.75,-15,-60
215,7,1,-50,-50,1,1.75,-15,-60
216,7,0,0,-70,1,1.75,-15,-100
217,7,0,0,-60,1,1.75,-15,-90
218,7,0,0,-60,1,1.75,-15,-90
219,7,0,0,-60,1,1.75,-15,-90
220,7,0,0,-60,1,1.75,-15,-90
221,7,1,-50,-50,1,1.75,-15,-60
222,7,0,0,-60,1,1.75,-15,-90
223,7,0,0,-60,1,1.75,-15,-90
224,7,1,-50,-50,1,1.75,-15,-60
225,7,1,-50,-50,1,1.75,-15,-60
226,7,1,-50,-50,1,1.75,-15,-60
227,7,1,-50,-50,1,1.75,-15,-60
228,7,0,0,-60,1,1.75,-15,-90
229,7,1,-50,-50,1,1.75,-15,-60
230,7,1,-50,-50,1,1.75,-15,-60
231,7,1,-50,-50,1,1.75,-15,-60
232,7,1,-50,-50,1,1.75,-15,-60
233,7,1,-50,-50,1,1.75,-15,-60
234,7,1,-50,-50,1,1.75,-15,-60
235,7,1,-50,-50,1,1.75,-15,-60
236,7,1,-50,-50,1,1.75,-15,-60
237,7,1,-50,-50,1,1.75,-15,-60
238,7,1,-50,-50,1,1.75,-15,-60
239,7,0,0,-60,1,1.75,-15,-90
240,7,1,-50,-50,1,1.75,-15,-60
241,7,1,-50,-50,1,1.75,-15,-60
242,7,1,-50,-50,1,1.75,-15,-60
243,7,0,0,-60,1,1.75,-15,-90
244,7,0,0,-60,1,1.75,-15,-90
245,7,0,0,-60,1,1.75,-15,-90
246,7,0,0,-60,1,1.75,-15,-90
247,7,0,0,-60,1,1.75,-15,-90
248,7,1,-50,-50,1,1.75,-15,-60
249,7,1,-50,-50,1,1.75,-15,-60
250,7,1,-50,-50,1,1.75,-15,-60
251,7,1,-50,-50,1,1.75,-15,-60
252,7,1,-50,-50,1,1.75,-15,-60
253,7,1,-50,-50,1,1.75,-15,-60
254,7,1,-50,-50,1,1.75,-15,-60
255,7,1,-50,-50,1,1.75,-15,-60
256,7,1,-50,-50,1,1.75,-15,-60
257,7,1,-50,-50,1,1.75,-15,-60
258,7,1,-50,-50,1,1.75,-15,-60
259,7,1,-50,-50,1,1.75,-15,-60
260,7,1,-50,-50,1,1.75,-15,-60
261,7,1,-50,-50,1,1.75,-15,-60
262,7,1,-50,-50,1,1.75,-15,-60
263,7,1,-50,-50,1,1.75,-15,-60
264,7,1,-50,-50,1,1.75,-15,-60
265,7,1,-50,-50,1,1.75,-15,-60
266,7,1,-50,-50,1,1.75,-15,-60
267,7,1,-50,-50,1,1.75,-15,-60
268,7,0,0,-60,1,1.75,-15,-90
269,7,0,0,-70,1,1.75,-15,-100
270,7,0,0,-60,1,1.75,-15,-90
271,7,0,0,-60,1,1.75,-15,-90
272,7,0,0,-70,1,1.75,-15,-100
273,7,1,-50,-50,1,1.75,-15,-60
274,7,0,0,-70,1,1.75,-15,-100
275,7,1,-50,-50,1,1.75,-15,-60
276,7,0,0,-60,1,1.75,-15,-90
277,7,1,-50,-50,1,1.75,-15,-60
278,7,1,-50,-50,1,1.75,-15,-60
279,7,0,0,-60,1,1.75,-15,-90
280,7,1,-50,-50,1,1.75,-15,-60
281,7,1,-50,-50,1,1.75,-15,-60
282,7,1,-50,-50,1,1.75,-15,-60
283,7,1,-50,-50,1,1.75,-15,-60
284,7,1,-50,-50,1,1.75,-15,-60
285,7,1,-50,-50,1,1.75,-15,-60
286,7,1,-50,-50,1,1.75,-15,-60
287,7,1,-50,-50,1,1.75,-15,-60
288,7,1,-50,-50,1,1.75,-15,-60
289,7,1,-50,-50,1,1.75,-15,-60
290,7,0,0,-60,1,1.75,-15,-90
291,7,1,-50,-50,1,1.75,-15,-60
292,7,1,-50,-50,1,1.75,-15,-60
293,7,0,0,-60,1,1.75,-15,-90
294,7,1,-50,-50,1,1.75,-15,-60
295,7,1,-50,-50,1,1.75,-15,-60
296,7,0,0,-60,1,1.75,-15,-90
297,7,0,0,-60,1,1.75,-15,-90
298,7,1,-50,-50,1,1.75,-15,-60
299,7,1,-50,-50,1,1.75,-15,-60
300,7,1,-50,-50,1,1.75,-15,-60
301,7,1,-50,-50,1,1.75,-15,-60
302,7,1,-50,-50,1,1.75,-15,-60
303,7,1,-50,-50,1,1.75,-15,-60
304,7,1,-50,-50,1,1.75,-15,-60
305,7,0,0,-70,1,1.75,-15,-100
306,7,1,-50,-50,1,1.75,-15,-60
307,7,1,-50,-50,1,1.75,-15,-60
308,7,1,-50,-50,1,1.75,-15,-60
309,7,1,-50,-50,1,1.75,-15,-60
310,7,1,-50,-50,1,1.75,-15,-60
311,7,1,-50,-50,1,1.75,-15,-60
312,7,1,-50,-50,1,1.75,-15,-60
313,7,1,-50,-50,1,1.75,-15,-60
314,7,1,-50,-50,1,1.75,-15,-60
315,7,1,-50,-50,1,1.75,-15,-60
316,7,0,0,-60,1,1.75,-15,-90
317,7,0,0,-60,1,1.75,-15,-90
318,7,0,0,-60,1,1.75,-15,-90
319,7,1,-50,-50,1,1.75,-15,-60
320,7,0,0,-60,1,1.75,-15,-90
321,7,0,0,-60,1,1.75,-15,-90
322,7,0,0,-60,1,1.75,-15,-90
323,7,1,-50,-50,1,1.75,-15,-60
324,7,0,0,-60,1,1.75,-15,-90
325,7,1,-50,-50,1,1.75,-15,-60
326,7,1,-50,-50,1,1.75,-15,-60
327,7,1,-50,-50,1,1.75,-15,-60
328,7,1,-50,-50,1,1.75,-15,-60
329,7,0,0,-60,1,1.75,-15,-90
330,7,1,-50,-50,1,1.75,-15,-60
331,7,1,-50,-50,1,1.75,-15,-60
332,7,0,0,-60,1,1.75,-15,-90
333,7,1,-50,-50,1,1.75,-15,-60
334,7,1,-50,-50,1,1.75,-15,-60
335,7,1,-50,-50,1,1.75,-15,-60
336,7,1,-50,-50,1,1.75,-15,-60
337,7,1,-50,-50,1,1.75,-15,-60
338,7,0,0,-60,1,1.75,-15,-90
339,7,0,0,-60,1,1.75,-15,-90
340,7,1,-50,-50,1,1.75,-15,-60
341,7,1,-50,-50,1,1.75,-15,-60
342,7,1,-50,-50,1,1.75,-15,-60
343,7,1,-50,-50,1,1.75,-15,-60
344,7,1,-50,-50,1,1.75,-15,-60
345,7,1,-50,-50,1,1.75,-15,-60
346,7,1,-50,-50,1,1.75,-15,-60
347,7,1,-50,-50,1,1.75,-15,-60
348,7,1,-50,-50,1,1.75,-15,-60
349,7,1,-50,-50,1,1.75,-15,-60
350,7,0,0,-60,1,1.75,-15,-90
351,7,0,0,-60,1,1.75,-15,-90
352,7,0,0,-60,1,1.75,-15,-90
353,7,1,-50,-50,1,1.75,-15,-60
354,7,1,-50,-50,1,1.75,-15,-60
355,7,1,-50,-50,1,1.75,-15,-60
356,7,1,-50,-50,1,1.75,-15,-60
357,7,1,-50,-50,1,1.75,-15,-60
358,7,0,0,-60,1,1.75,-15,-90
359,7,1,-50,-50,1,1.75,-15,-60
360,7,0,0,-60,1,1.75,-15,-90
361,7,0,0,-60,1,1.75,-15,-90
362,7,0,0,-60,1,1.75,-15,-90
363,7,1,-50,-50,1,1.75,-15,-60
364,7,1,-50,-50,1,1.75,-15,-60
365,7,0,0,-60,1,1.75,-15,-90
366,7,0,0,-60,1,1.75,-15,-90
367,7,0,0,-60,1,1.75,-15,-90
368,7,0,0,-70,1,1.75,-15,-100
369,7,0,0,-60,1,1.75,-15,-90
370,7,0,0,-70,1,1.75,-15,-100
371,7,1,-50,-50,1,1.75,-15,-60
372,7,1,-50,-50,1,1.75,-15,-60
373,7,0,0,-60,1,1.75,-15,-90
374,7,1,-50,-50,1,1.75,-15,-60
375,7,1,-50,-50,1,1.75,-15,-60
376,7,1,-50,-50,1,1.75,-15,-60
377,7,1,-50,-50,1,1.75,-15,-60
378,7,1,-50,-50,1,1.75,-15,-60
379,7,1,-50,-50,1,1.75,-15,-60
380,7,1,-50,-50,1,1.75,-15,-60
381,7,0,0,-60,1,1.75,-15,-90
382,7,0,0,-60,1,1.75,-15,-90
383,7,0,0,-60,1,1.75,-15,-90
384,7,0,0,-60,1,1.75,-15,-90
385,7,0,0,-60,1,1.75,-15,-90
386,7,0,0,-60,1,1.75,-15,-90
387,7,0,0,-60,1,1.75,-15,-90
388,7,1,-50,-50,1,1.75,-15,-60
389,7,0,0,-60,1,1.75,-15,-90
390,7,0,0,-60,1,1.75,-15,-90
391,7,0,0,-60,1,1.75,-15,-90
392,7,0,0,-60,1,1.75,-15,-90
393,7,0,0,-70,1,1.75,-15,-100
394,7,0,0,-60,1,1.75,-15,-90
395,7,0,0,-60,1,1.75,-15,-90
396,7,1,-50,-50,1,1.75,-15,-60
397,7,0,0,-60,1,1.75,-15,-90
398,7,0,0,-60,1,1.75,-15,-90
399,7,0,0,-60,1,1.75,-15,-90
400,7,0,0,-60,1,1.75,-15,-90
401,7,0,0,-60,1,1.75,-15,-90
402,7,1,-50,-50,1,1.75,-15,-60
403,7,0,0,-60,1,1.75,-15,-90
404,7,0,0,-60,1,1.75,-15,-90
405,7,0,0,-60,1,1.75,-15,-90
406,7,0,0,-70,1,1.75,-15,-100
407,7,0,0,-60,1,1.75,-15,-90
408,7,0,0,-70,1,1.75,-15,-100
409,7,1,-50,-50,1,1.75,-15,-60
410,7,0,0,-70,1,1.75,-15,-100
411,7,0,0,-60,1,1.75,-15,-90
412,7,0,0,-70,1,1.75,-15,-100
413,7,0,0,-60,1,1.75,-15,-90
414,7,0,0,-60,1,1.75,-15,-90
415,7,0,0,-70,1,1.75,-15,-100
416,7,0,0,-60,1,1.75,-15,-90
417,7,0,0,-60,1,1.75,-15,-90
418,7,0,0,-60,1,1.75,-15,-90
419,7,0,0,-60,1,1.75,-15,-90
420,7,1,-60,-60,1,1.75,-15,-80
421,7,0,0,-60,1,1.75,-15,-90
422,7,0,0,-60,1,1.75,-15,-90
423,7,0,0,-60,1,1.75,-15,-90
424,7,1,-50,-50,1,1.75,-15,-60
425,7,0,0,-60,1,1.75,-15,-90
426,7,0,0,-60,1,1.75,-15,-90
427,7,0,0,-60,1,1.75,-15,-90
428,7,0,0,-60,1,1.75,-15,-90
429,7,0,0,-70,1,1.75,-15,-100
430,7,0,0,-60,1,1.75,-15,-90
431,7,0,0,-60,1,1.75,-15,-90
432,7,0,0,-60,1,1.75,-15,-90
433,7,0,0,-60,1,1.75,-15,-90
434,7,0,0,-60,1,1.75,-15,-90
435,7,0,0,-60,1,1.75,-15,-90
436,7,0,0,-60,1,1.75,-15,-90
437,7,0,0,-60,1,1.75,-15,-90
438,7,0,0,-60,1,1.75,-15,-90
439,7,0,0,-60,1,1.75,-15,-90
440,7,0,0,-60,1,1.75,-15,-90
441,7,0,0,-60,1,1.75,-15,-90
442,7,0,0,-60,1,1.75,-15,-90
443,7,0,0,-60,1,1.75,-15,-90
444,7,0,0,-60,1,1.75,-15,-90
445,7,0,0,-60,1,1.75,-15,-90
446,7,0,0,-60,1,1.75,-15,-90
447,7,0,0,-60,1,1.75,-15,-90
448,7,0,0,-60,1,1.75,-15,-90
449,7,0,0,-60,1,1.75,-15,-90
450,7,0,0,-60,1,1.75,-15,-90
451,7,0,0,-60,1,1.75,-15,-90
452,7,0,0,-60,1,1.75,-15,-90
453,7,0,0,-60,1,1.75,-15,-90
454,7,0,0,-60,1,1.75,-15,-90
455,7,0,0,-60,1,1.75,-15,-90
456,7,0,0,-70,1,1.75,-15,-100
457,7,0,0,-60,1,1.75,-15,-90
458,7,0,0,-70,1,1.75,-15,-100
459,7,0,0,-60,1,1.75,-15,-90
460,7,0,0,-60,1,1.75,-15,-90
461,7,0,0,-60,1,1.75,-15,-90
462,7,0,0,-60,1,1.75,-15,-90
463,7,0,0,-60,1,1.75,-15,-90
464,7,0,0,-60,1,1.75,-15,-90
465,7,0,0,-60,1,1.75,-15,-90
466,7,0,0,-60,1,1.75,-15,-90
467,7,0,0,-60,1,1.75,-15,-90
468,7,0,0,-60,1,1.75,-15,-90
469,7,0,0,-60,1,1.75,-15,-90
470,7,0,0,-60,1,1.75,-15,-90
471,7,0,0,-60,1,1.75,-15,-90
472,7,0,0,-60,1,1.75,-15,-90
473,7,0,0,-60,1,1.75,-15,-90
474,7,0,0,-60,1,1.75,-15,-90
475,7,0,0,-60,1,1.75,-15,-90
476,7,0,0,-60,1,1.75,-15,-90
477,7,0,0,-60,1,1.75,-15,-90
478,7,0,0,-60,1,1.75,-15,-90
479,7,0,0,-60,1,1.75,-15,-90
480,7,0,0,-60,1,1.75,-15,-90
481,7,0,0,-60,1,1.75,-15,-90
482,7,0,0,-60,1,1.75,-15,-90
483,7,0,0,-60,1,1.75,-15,-90
484,7,0,0,-60,1,1.75,-15,-90
485,7,0,0,-60,1,1.75,-15,-90
486,7,1,-50,-50,1,1.75,-15,-60
487,7,1,-50,-50,1,1.75,-15,-60
488,7,1,-50,-50,1,1.75,-15,-60
489,7,1,-50,-50,1,1.75,-15,-60
490,7,0,0,-70,1,1.75,-15,-100
491,7,1,-50,-50,1,1.75,-15,-60
492,7,0,0,-60,1,1.75,-15,-90
493,7,1,-50,-50,1,1.75,-15,-60
494,7,0,0,-60,1,1.75,-15,-90
495,7,0,0,-60,1,1.75,-15,-90
496,7,0,0,-60,1,1.75,-15,-90
497,7,0,0,-60,1,1.75,-15,-90
498,7,0,0,-60,1,1.75,-15,-90
499,7,0,0,-60,1,1.75,-15,-90
500,7,0,0,-70,1,1.75,-15,-100
501,7,0,0,-70,1,1.75,-15,-100
502,7,0,0,-60,1,1.75,-15,-90
503,7,0,0,-70,1,1.75,-15,-100
504,7,0,0,-60,1,1.75,-15,-90
505,7,0,0,-60,1,1.75,-15,-90
506,7,0,0,-60,1,1.75,-15,-90
507,7,1,-50,-50,1,1.75,-15,-60
508,7,0,0,-60,1,1.75,-15,-90
509,7,0,0,-60,1,1.75,-15,-90
510,7,0,0,-60,1,1.75,-15,-90
511,7,0,0,-60,1,1.75,-15,-90
512,7,0,0,-60,1,1.75,-15,-90
513,7,0,0,-60,1,1.75,-15,-90
514,7,0,0,-60,1,1.75,-15,-90
515,7,0,0,-60,1,1.75,-15,-90
516,7,1,-50,-50,1,1.75,-15,-60
517,7,1,-50,-50,1,1.75,-15,-60
518,7,1,-50,-50,1,1.75,-15,-60
519,7,1,-50,-50,1,1.75,-15,-60
520,7,0,0,-60,1,1.75,-15,-90
521,7,0,0,-60,1,1.75,-15,-90
522,7,1,-50,-50,1,1.75,-15,-60
523,7,1,-50,-50,1,1.75,-15,-60
524,7,1,-50,-50,1,1.75,-15,-60
525,7,1,-50,-50,1,1.75,-15,-60
526,7,1,-50,-50,1,1.75,-15,-60
527,7,1,-50,-50,1,1.75,-15,-60
528,7,1,-50,-50,1,1.75,-15,-60
529,7,1,-50,-50,1,1.75,-15,-60
530,7,1,-50,-50,1,1.75,-15,-60
531,7,1,-50,-50,1,1.75,-15,-60
532,7,0,0,-70,1,1.75,-15,-100
533,7,0,0,-70,1,1.75,-15,-100
534,7,0,0,-70,1,1.75,-15,-100
535,7,0,0,-60,1,1.75,-15,-90
536,7,1,-50,-50,1,1.75,-15,-60
0,9,1,-60,-60,1,1.75,-15,-60
1,9,0,0,-100,1,1.75,-15,-100
2,9,0,0,-100,1,1.75,-15,-100
3,9,0,0,-100,1,1.75,-15,-100
4,9,0,0,-90,1,1.75,-15,-90
5,9,0,0,-90,1,1.75,-15,-90
6,9,0,0,-100,1,1.75,-15,-100
7,9,0,0,-100,1,1.75,-15,-100
8,9,0,0,-100,1,1.75,-15,-100
9,9,0,0,-100,1,1.75,-15,-100
10,9,0,0,-100,1,1.75,-15,-100
11,9,0,0,-100,1,1.75,-15,-100
12,9,0,0,-100,1,1.75,-15,-100
13,9,0,0,-100,1,1.75,-15,-100
14,9,0,0,-100,1,1.75,-15,-100
15,9,0,0,-100,1,1.75,-15,-100
16,9,0,0,-90,1,1.75,-15,-90
17,9,0,0,-90,1,1.75,-15,-90
18,9,0,0,-90,1,1.75,-15,-90
19,9,0,0,-90,1,1.75,-15,-90
20,9,0,0,-100,1,1.75,-15,-100
21,9,0,0,-90,1,1.75,-15,-90
22,9,0,0,-100,1,1.75,-15,-100
23,9,0,0,-100,1,1.75,-15,-100
24,9,0,0,-90,1,1.75,-15,-90
25,9,0,0,-90,1,1.75,-15,-90
26,9,1,-60,-60,1,1.75,-15,-60
27,9,0,0,-90,1,1.75,-15,-90
28,9,0,0,-90,1,1.75,-15,-90
29,9,0,0,-100,1,1.75,-15,-100
30,9,0,0,-100,1,1.75,-15,-100
31,9,0,0,-100,1,1.75,-15,-100
32,9,0,0,-90,1,1.75,-15,-90
33,9,0,0,-100,1,1.75,-15,-100
34,9,0,0,-100,1,1.75,-15,-100
35,9,0,0,-90,1,1.75,-15,-90
36,9,0,0,-90,1,1.75,-15,-90
37,9,0,0,-100,1,1.75,-15,-100
38,9,0,0,-100,1,1.75,-15,-100
39,9,0,0,-100,1,1.75,-15,-100
40,9,0,0,-90,1,1.75,-15,-90
41,9,0,0,-90,1,1.75,-15,-90
42,9,0,0,-100,1,1.75,-15,-100
43,9,0,0,-100,1,1.75,-15,-100
44,9,0,0,-100,1,1.75,-15,-100
45,9,0,0,-100,1,1.75,-15,-100
46,9,0,0,-100,1,1.75,-15,-100
47,9,0,0,-100,1,1.75,-15,-100
48,9,1,-60,-60,1,1.75,-15,-60
49,9,0,0,-100,1,1.75,-15,-100
50,9,0,0,-100,1,1.75,-15,-100
51,9,0,0,-100,1,1.75,-15,-100
52,9,0,0,-90,1,1.75,-15,-90
53,9,1,-60,-60,1,1.75,-15,-60
54,9,0,0,-90,1,1.75,-15,-90
55,9,0,0,-90,1,1.75,-15,-90
56,9,0,0,-90,1,1.75,-15,-90
57,9,0,0,-90,1,1.75,-15,-90
58,9,0,0,-100,1,1.75,-15,-100
59,9,0,0,-100,1,1.75,-15,-100
60,9,0,0,-90,1,1.75,-15,-90
61,9,0,0,-100,1,1.75,-15,-100
62,9,0,0,-90,1,1.75,-15,-90
63,9,0,0,-90,1,1.75,-15,-90
64,9,0,0,-90,1,1.75,-15,-90
65,9,0,0,-90,1,1.75,-15,-90
66,9,0,0,-90,1,1.75,-15,-90
67,9,0,0,-90,1,1.75,-15,-90
68,9,0,0,-90,1,1.75,-15,-90
69,9,0,0,-90,1,1.75,-15,-90
70,9,1,-60,-60,1,1.75,-15,-60
71,9,1,-60,-60,1,1.75,-15,-60
72,9,1,-60,-60,1,1.75,-15,-60
73,9,0,0,-100,1,1.75,-15,-100
74,9,0,0,-100,1,1.75,-15,-100
75,9,1,-60,-60,1,1.75,-15,-60
76,9,0,0,-100,1,1.75,-15,-100
77,9,0,0,-100,1,1.75,-15,-100
78,9,0,0,-90,1,1.75,-15,-90
79,9,0,0,-90,1,1.75,-15,-90
80,9,0,0,-100,1,1.75,-15,-100
81,9,1,-60,-60,1,1.75,-15,-60
82,9,1,-60,-60,1,1.75,-15,-60
83,9,0,0,-90,1,1.75,-15,-90
84,9,1,-60,-60,1,1.75,-15,-60
85,9,1,-60,-60,1,1.75,-15,-60
86,9,1,-60,-60,1,1.75,-15,-60
87,9,1,-60,-60,1,1.75,-15,-60
88,9,1,-60,-60,1,1.75,-15,-60
89,9,1,-60,-60,1,1.75,-15,-60
90,9,1,-60,-60,1,1.75,-15,-60
91,9,1,-60,-60,1,1.75,-15,-60
92,9,1,-60,-60,1,1.75,-15,-60
93,9,1,-60,-60,1,1.75,-15,-60
94,9,1,-60,-60,1,1.75,-15,-60
95,9,1,-60,-60,1,1.75,-15,-60
96,9,0,0,-90,1,1.75,-15,-90
97,9,0,0,-90,1,1.75,-15,-90
98,9,1,-60,-60,1,1.75,-15,-60
99,9,1,-60,-60,1,1.75,-15,-60
100,9,1,-60,-60,1,1.75,-15,-60
101,9,1,-60,-60,1,1.75,-15,-60
102,9,1,-60,-60,1,1.75,-15,-60
103,9,1,-60,-60,1,1.75,-15,-60
104,9,1,-60,-60,1,1.75,-15,-60
105,9,1,-60,-60,1,1.75,-15,-60
106,9,1,-60,-60,1,1.75,-15,-60
107,9,1,-60,-60,1,1.75,-15,-60
108,9,1,-60,-60,1,1.75,-15,-60
109,9,1,-60,-60,1,1.75,-15,-60
110,9,1,-60,-60,1,1.75,-15,-60
111,9,1,-60,-60,1,1.75,-15,-60
112,9,1,-60,-60,1,1.75,-15,-60
113,9,1,-60,-60,1,1.75,-15,-60
114,9,1,-60,-60,1,1.75,-15,-60
115,9,1,-60,-60,1,1.75,-15,-60
116,9,1,-60,-60,1,1.75,-15,-60
117,9,1,-60,-60,1,1.75,-15,-60
118,9,0,0,-90,1,1.75,-15,-90
119,9,0,0,-90,1,1.75,-15,-90
120,9,0,0,-90,1,1.75,-15,-90
121,9,1,-60,-60,1,1.75,-15,-60
122,9,1,-60,-60,1,1.75,-15,-60
123,9,1,-60,-60,1,1.75,-15,-60
124,9,1,-60,-60,1,1.75,-15,-60
125,9,1,-60,-60,1,1.75,-15,-60
126,9,1,-60,-60,1,1.75,-15,-60
127,9,1,-60,-60,1,1.75,-15,-60
128,9,1,-60,-60,1,1.75,-15,-60
129,9,1,-60,-60,1,1.75,-15,-60
130,9,1,-60,-60,1,1.75,-15,-60
131,9,1,-60,-60,1,1.75,-15,-60
132,9,1,-60,-60,1,1.75,-15,-60
133,9,1,-60,-60,1,1.75,-15,-60
134,9,1,-60,-60,1,1.75,-15,-60
135,9,1,-60,-60,1,1.75,-15,-60
136,9,1,-60,-60,1,1.75,-15,-60
137,9,1,-60,-60,1,1.75,-15,-60
138,9,1,-60,-60,1,1.75,-15,-60
139,9,1,-60,-60,1,1.75,-15,-60
140,9,1,-60,-60,1,1.75,-15,-60
141,9,1,-60,-60,1,1.75,-15,-60
142,9,0,0,-90,1,1.75,-15,-90
143,9,1,-60,-60,1,1.75,-15,-60
144,9,1,-60,-60,1,1.75,-15,-60
145,9,0,0,-90,1,1.75,-15,-90
146,9,1,-60,-60,1,1.75,-15,-60
147,9,1,-60,-60,1,1.75,-15,-60
148,9,1,-60,-60,1,1.75,-15,-60
149,9,1,-60,-60,1,1.75,-15,-60
150,9,1,-60,-60,1,1.75,-15,-60
151,9,1,-60,-60,1,1.75,-15,-60
152,9,1,-60,-60,1,1.75,-15,-60
153,9,1,-60,-60,1,1.75,-15,-60
154,9,1,-60,-60,1,1.75,-15,-60
155,9,1,-60,-60,1,1.75,-15,-60
156,9,1,-60,-60,1,1.75,-15,-60
157,9,1,-60,-60,1,1.75,-15,-60
158,9,1,-60,-60,1,1.75,-15,-60
159,9,1,-60,-60,1,1.75,-15,-60
160,9,1,-60,-60,1,1.75,-15,-60
161,9,1,-60,-60,1,1.75,-15,-60
162,9,1,-60,-60,1,1.75,-15,-60
163,9,1,-60,-60,1,1.75,-15,-60
164,9,1,-60,-60,1,1.75,-15,-60
165,9,1,-60,-60,1,1.75,-15,-60
166,9,1,-60,-60,1,1.75,-15,-60
167,9,1,-60,-60,1,1.75,-15,-60
168,9,1,-60,-60,1,1.75,-15,-60
169,9,1,-60,-60,1,1.75,-15,-60
170,9,1,-60,-60,1,1.75,-15,-60
171,9,1,-60,-60,1,1.75,-15,-60
172,9,1,-60,-60,1,1.75,-15,-60
173,9,1,-60,-60,1,1.75,-15,-60
174,9,1,-60,-60,1,1.75,-15,-60
175,9,0,0,-90,1,1.75,-15,-90
176,9,1,-60,-60,1,1.75,-15,-60
177,9,0,0,-90,1,1.75,-15,-90
178,9,1,-60,-60,1,1.75,-15,-60
179,9,1,-60,-60,1,1.75,-15,-60
180,9,1,-60,-60,1,1.75,-15,-60
181,9,1,-60,-60,1,1.75,-15,-60
182,9,1,-60,-60,1,1.75,-15,-60
183,9,0,0,-90,1,1.75,-15,-90
184,9,1,-60,-60,1,1.75,-15,-60
185,9,1,-60,-60,1,1.75,-15,-60
186,9,1,-60,-60,1,1.75,-15,-60
187,9,1,-60,-60,1,1.75,-15,-60
188,9,1,-60,-60,1,1.75,-15,-60
189,9,1,-60,-60,1,1.75,-15,-60
190,9,1,-60,-60,1,1.75,-15,-60
191,9,1,-60,-60,1,1.75,-15,-60
192,9,1,-60,-60,1,1.75,-15,-60
193,9,1,-60,-60,1,1.75,-15,-60
194,9,1,-60,-60,1,1.75,-15,-60
195,9,1,-60,-60,1,1.75,-15,-60
196,9,1,-60,-60,1,1.75,-15,-60
197,9,1,-60,-60,1,1.75,-15,-60
198,9,1,-60,-60,1,1.75,-15,-60
199,9,1,-60,-60,1,1.75,-15,-60
200,9,1,-60,-60,1,1.75,-15,-60
201,9,1,-60,-60,1,1.75,-15,-60
202,9,1,-60,-60,1,1.75,-15,-60
203,9,0,0,-90,1,1.75,-15,-90
204,9,1,-60,-60,1,1.75,-15,-60
205,9,1,-60,-60,1,1.75,-15,-60
206,9,1,-60,-60,1,1.75,-15,-60
207,9,1,-60,-60,1,1.75,-15,-60
208,9,1,-60,-60,1,1.75,-15,-60
209,9,1,-60,-60,1,1.75,-15,-60
210,9,1,-60,-60,1,1.75,-15,-60
211,9,1,-60,-60,1,1.75,-15,-60
212,9,1,-60,-60,1,1.75,-15,-60
213,9,1,-60,-60,1,1.75,-15,-60
214,9,1,-60,-60,1,1.75,-15,-60
215,9,1,-60,-60,1,1.75,-15,-60
216,9,0,0,-100,1,1.75,-15,-100
217,9,0,0,-90,1,1.75,-15,-90
218,9,0,0,-90,1,1.75,-15,-90
219,9,0,0,-90,1,1.75,-15,-90
220,9,0,0,-90,1,1.75,-15,-90
221,9,1,-60,-60,1,1.75,-15,-60
222,9,0,0,-90,1,1.75,-15,-90
223,9,0,0,-90,1,1.75,-15,-90
224,9,1,-60,-60,1,1.75,-15,-60
225,9,1,-60,-60,1,1.75,-15,-60
226,9,1,-60,-60,1,1.75,-15,-60
227,9,1,-60,-60,1,1.75,-15,-60
228,9,0,0,-90,1,1.75,-15,-90
229,9,1,-60,-60,1,1.75,-15,-60
230,9,1,-60,-60,1,1.75,-15,-60
231,9,1,-60,-60,1,1.75,-15,-60
232,9,1,-60,-60,1,1.75,-15,-60
233,9,1,-60,-60,1,1.75,-15,-60
234,9,1,-60,-60,1,1.75,-15,-60
235,9,1,-60,-60,1,1.75,-15,-60
236,9,1,-60,-60,1,1.75,-15,-60
237,9,1,-60,-60,1,1.75,-15,-60
238,9,1,-60,-60,1,1.75,-15,-60
239,9,0,0,-90,1,1.75,-15,-90
240,9,1,-60,-60,1,1.75,-15,-60
241,9,1,-60,-60,1,1.75,-15,-60
242,9,1,-60,-60,1,1.75,-15,-60
243,9,0,0,-90,1,1.75,-15,-90
244,9,0,0,-90,1,1.75,-15,-90
245,9,0,0,-90,1,1.75,-15,-90
246,9,0,0,-90,1,1.75,-15,-90
247,9,0,0,-90,1,1.75,-15,-90
248,9,1,-60,-60,1,1.75,-15,-60
249,9,1,-60,-60,1,1.75,-15,-60
250,9,1,-60,-60,1,1.75,-15,-60
251,9,1,-60,-60,1,1.75,-15,-60
252,9,1,-60,-60,1,1.75,-15,-60
253,9,1,-60,-60,1,1.75,-15,-60
254,9,1,-60,-60,1,1.75,-15,-60
255,9,1,-60,-60,1,1.75,-15,-60
256,9,1,-60,-60,1,1.75,-15,-60
257,9,1,-60,-60,1,1.75,-15,-60
258,9,1,-60,-60,1,1.75,-15,-60
259,9,1,-60,-60,1,1.75,-15,-60
260,9,1,-60,-60,1,1.75,-15,-60
261,9,1,-60,-60,1,1.75,-15,-60
262,9,1,-60,-60,1,1.75,-15,-60
263,9,1,-60,-60,1,1.75,-15,-60
264,9,1,-60,-60,1,1.75,-15,-60
265,9,1,-60,-60,1,1.75,-15,-60
266,9,1,-60,-60,1,1.75,-15,-60
267,9,1,-60,-60,1,1.75,-15,-60
268,9,0,0,-90,1,1.75,-15,-90
269,9,0,0,-100,1,1.75,-15,-100
270,9,0,0,-90,1,1.75,-15,-90
271,9,0,0,-90,1,1.75,-15,-90
272,9,0,0,-100,1,1.75,-15,-100
273,9,1,-60,-60,1,1.75,-15,-60
274,9,0,0,-100,1,1.75,-15,-100
275,9,1,-60,-60,1,1.75,-15,-60
276,9,0,0,-90,1,1.75,-15,-90
277,9,1,-60,-60,1,1.75,-15,-60
278,9,1,-60,-60,1,1.75,-15,-60
279,9,0,0,-90,1,1.75,-15,-90
280,9,1,-60,-60,1,1.75,-15,-60
281,9,1,-60,-60,1,1.75,-15,-60
282,9,1,-60,-60,1,1.75,-15,-60
283,9,1,-60,-60,1,1.75,-15,-60
284,9,1,-60,-60,1,1.75,-15,-60
285,9,1,-60,-60,1,1.75,-15,-60
286,9,1,-60,-60,1,1.75,-15,-60
287,9,1,-60,-60,1,1.75,-15,-60
288,9,1,-60,-60,1,1.75,-15,-60
289,9,1,-60,-60,1,1.75,-15,-60
290,9,0,0,-90,1,1.75,-15,-90
291,9,1,-60,-60,1,1.75,-15,-60
292,9,1,-60,-60,1,1.75,-15,-60
293,9,0,0,-90,1,1.75,-15,-90
294,9,1,-60,-60,1,1.75,-15,-60
295,9,1,-60,-60,1,1.75,-15,-60
296,9,0,0,-90,1,1.75,-15,-90
297,9,0,0,-90,1,1.75,-15,-90
298,9,1,-60,-60,1,1.75,-15,-60
299,9,1,-60,-60,1,1.75,-15,-60
300,9,1,-60,-60,1,1.75,-15,-60
301,9,1,-60,-60,1,1.75,-15,-60
302,9,1,-60,-60,1,1.75,-15,-60
303,9,1,-60,-60,1,1.75,-15,-60
304,9,1,-60,-60,1,1.75,-15,-60
305,9,0,0,-100,1,1.75,-15,-100
306,9,1,-60,-60,1,1.75,-15,-60
307,9,1,-60,-60,1,1.75,-15,-60
308,9,1,-60,-60,1,1.75,-15,-60
309,9,1,-60,-60,1,1.75,-15,-60
310,9,1,-60,-60,1,1.75,-15,-60
311,9,1,-60,-60,1,1.75,-15,-60
312,9,1,-60,-60,1,1.75,-15,-60
313,9,1,-60,-60,1,1.75,-15,-60
314,9,1,-60,-60,1,1.75,-15,-60
315,9,1,-60,-60,1,1.75,-15,-60
316,9,0,0,-90,1,1.75,-15,-90
317,9,0,0,-90,1,1.75,-15,-90
318,9,0,0,-90,1,1.75,-15,-90
319,9,1,-60,-60,1,1.75,-15,-60
320,9,0,0,-90,1,1.75,-15,-90
321,9,0,0,-90,1,1.75,-15,-90
322,9,0,0,-90,1,1.75,-15,-90
323,9,1,-60,-60,1,1.75,-15,-60
324,9,0,0,-90,1,1.75,-15,-90
325,9,1,-60,-60,1,1.75,-15,-60
326,9,1,-60,-60,1,1.75,-15,-60
327,9,1,-60,-60,1,1.75,-15,-60
328,9,1,-60,-60,1,1.75,-15,-60
329,9,0,0,-90,1,1.75,-15,-90
330,9,1,-60,-60,1,1.75,-15,-60
331,9,1,-60,-60,1,1.75,-15,-60
332,9,0,0,-90,1,1.75,-15,-90
333,9,1,-60,-60,1,1.75,-15,-60
334,9,1,-60,-60,1,1.75,-15,-60
335,9,1,-60,-60,1,1.75,-15,-60
336,9,1,-60,-60,1,1.75,-15,-60
337,9,1,-60,-60,1,1.75,-15,-60
338,9,0,0,-90,1,1.75,-15,-90
339,9,0,0,-90,1,1.75,-15,-90
340,9,1,-60,-60,1,1.75,-15,-60
341,9,1,-60,-60,1,1.75,-15,-60
342,9,1,-60,-60,1,1.75,-15,-60
343,9,1,-60,-60,1,1.75,-15,-60
344,9,1,-60,-60,1,1.75,-15,-60
345,9,1,-60,-60,1,1.75,-15,-60
346,9,1,-60,-60,1,1.75,-15,-60
347,9,1,-60,-60,1,1.75,-15,-60
348,9,1,-60,-60,1,1.75,-15,-60
349,9,1,-60,-60,1,1.75,-15,-60
350,9,0,0,-90,1,1.75,-15,-90
351,9,0,0,-90,1,1.75,-15,-90
352,9,0,0,-90,1,1.75,-15,-90
353,9,1,-60,-60,1,1.75,-15,-60
354,9,1,-60,-60,1,1.75,-15,-60
355,9,1,-60,-60,1,1.75,-15,-60
356,9,1,-60,-60,1,1.75,-15,-60
357,9,1,-60,-60,1,1.75,-15,-60
358,9,0,0,-90,1,1.75,-15,-90
359,9,1,-60,-60,1,1.75,-15,-60
360,9,0,0,-90,1,1.75,-15,-90
361,9,0,0,-90,1,1.75,-15,-90
362,9,0,0,-90,1,1.75,-15,-90
363,9,1,-60,-60,1,1.75,-15,-60
364,9,1,-60,-60,1,1.75,-15,-60
365,9,0,0,-90,1,1.75,-15,-90
366,9,0,0,-90,1,1.75,-15,-90
367,9,0,0,-90,1,1.75,-15,-90
368,9,0,0,-100,1,1.75,-15,-100
369,9,0,0,-90,1,1.75,-15,-90
370,9,0,0,-100,1,1.75,-15,-100
371,9,1,-60,-60,1,1.75,-15,-60
372,9,1,-60,-60,1,1.75,-15,-60
373,9,0,0,-90,1,1.75,-15,-90
374,9,1,-60,-60,1,1.75,-15,-60
375,9,1,-60,-60,1,1.75,-15,-60
376,9,1,-60,-60,1,1.75,-15,-60
377,9,1,-60,-60,1,1.75,-15,-60
378,9,1,-60,-60,1,1.75,-15,-60
379,9,1,-60,-60,1,1.75,-15,-60
380,9,1,-60,-60,1,1.75,-15,-60
381,9,0,0,-90,1,1.75,-15,-90
382,9,0,0,-90,1,1.75,-15,-90
383,9,0,0,-90,1,1.75,-15,-90
384,9,0,0,-90,1,1.75,-15,-90
385,9,0,0,-90,1,1.75,-15,-90
386,9,0,0,-90,1,1.75,-15,-90
387,9,0,0,-90,1,1.75,-15,-90
388,9,1,-60,-60,1,1.75,-15,-60
389,9,0,0,-90,1,1.75,-15,-90
390,9,0,0,-90,1,1.75,-15,-90
391,9,0,0,-90,1,1.75,-15,-90
392,9,0,0,-90,1,1.75,-15,-90
393,9,0,0,-100,1,1.75,-15,-100
394,9,0,0,-90,1,1.75,-15,-90
395,9,0,0,-90,1,1.75,-15,-90
396,9,1,-60,-60,1,1.75,-15,-60
397,9,0,0,-90,1,1.75,-15,-90
398,9,0,0,-90,1,1.75,-15,-90
399,9,0,0,-90,1,1.75,-15,-90
400,9,0,0,-90,1,1.75,-15,-90
401,9,0,0,-90,1,1.75,-15,-90
402,9,1,-60,-60,1,1.75,-15,-60
403,9,0,0,-90,1,1.75,-15,-90
404,9,0,0,-90,1,1.75,-15,-90
405,9,0,0,-90,1,1.75,-15,-90
406,9,0,0,-100,1,1.75,-15,-100
407,9,0,0,-90,1,1.75,-15,-90
408,9,0,0,-100,1,1.75,-15,-100
409,9,1,-60,-60,1,1.75,-15,-60
410,9,0,0,-100,1,1.75,-15,-100
411,9,0,0,-90,1,1.75,-15,-90
412,9,0,0,-100,1,1.75,-15,-100
413,9,0,0,-90,1,1.75,-15,-90
414,9,0,0,-90,1,1.75,-15,-90
415,9,0,0,-100,1,1.75,-15,-100
416,9,0,0,-90,1,1.75,-15,-90
417,9,0,0,-90,1,1.75,-15,-90
418,9,0,0,-90,1,1.75,-15,-90
419,9,0,0,-90,1,1.75,-15,-90
420,9,1,-80,-80,1,1.75,-15,-80
421,9,0,0,-90,1,1.75,-15,-90
422,9,0,0,-90,1,1.75,-15,-90
423,9,0,0,-90,1,1.75,-15,-90
424,9,1,-60,-60,1,1.75,-15,-60
425,9,0,0,-90,1,1.75,-15,-90
426,9,0,0,-90,1,1.75,-15,-90
427,9,0,0,-90,1,1.75,-15,-90
428,9,0,0,-90,1,1.75,-15,-90
429,9,0,0,-100,1,1.75,-15,-100
430,9,0,0,-90,1,1.75,-15,-90
431,9,0,0,-90,1,1.75,-15,-90
432,9,0,0,-90,1,1.75,-15,-90
433,9,0,0,-90,1,1.75,-15,-90
434,9,0,0,-90,1,1.75,-15,-90
435,9,0,0,-90,1,1.75,-15,-90
436,9,0,0,-90,1,1.75,-15,-90
437,9,0,0,-90,1,1.75,-15,-90
438,9,0,0,-90,1,1.75,-15,-90
439,9,0,0,-90,1,1.75,-15,-90
440,9,0,0,-90,1,1.75,-15,-90
441,9,0,0,-90,1,1.75,-15,-90
442,9,0,0,-90,1,1.75,-15,-90
443,9,0,0,-90,1,1.75,-15,-90
444,9,0,0,-90,1,1.75,-15,-90
445,9,0,0,-90,1,1.75,-15,-90
446,9,0,0,-90,1,1.75,-15,-90
447,9,0,0,-90,1,1.75,-15,-90
448,9,0,0,-90,1,1.75,-15,-90
449,9,0,0,-90,1,1.75,-15,-90
450,9,0,0,-90,1,1.75,-15,-90
451,9,0,0,-90,1,1.75,-15,-90
452,9,0,0,-90,1,1.75,-15,-90
453,9,0,0,-90,1,1.75,-15,-90
454,9,0,0,-90,1,1.75,-15,-90
455,9,0,0,-90,1,1.75,-15,-90
456,9,0,0,-100,1,1.75,-15,-100
457,9,0,0,-90,1,1.75,-15,-90
458,9,0,0,-100,1,1.75,-15,-100
459,9,0,0,-90,1,1.75,-15,-90
460,9,0,0,-90,1,1.75,-15,-90
461,9,0,0,-90,1,1.75,-15,-90
462,9,0,0,-90,1,1.75,-15,-90
463,9,0,0,-90,1,1.75,-15,-90
464,9,0,0,-90,1,1.75,-15,-90
465,9,0,0,-90,1,1.75,-15,-90
466,9,0,0,-90,1,1.75,-15,-90
467,9,0,0,-90,1,1.75,-15,-90
468,9,0,0,-90,1,1.75,-15,-90
469,9,0,0,-90,1,1.75,-15,-90
470,9,0,0,-90,1,1.75,-15,-90
471,9,0,0,-90,1,1.75,-15,-90
472,9,0,0,-90,1,1.75,-15,-90
473,9,0,0,-90,1,1.75,-15,-90
474,9,0,0,-90,1,1.75,-15,-90
475,9,0,0,-90,1,1.75,-15,-90
476,9,0,0,-90,1,1.75,-15,-90
477,9,0,0,-90,1,1.75,-15,-90
478,9,0,0,-90,1,1.75,-15,-90
479,9,0,0,-90,1,1.75,-15,-90
480,9,0,0,-90,1,1.75,-15,-90
481,9,0,0,-90,1,1.75,-15,-90
482,9,0,0,-90,1,1.75,-15,-90
483,9,0,0,-90,1,1.75,-15,-90
484,9,0,0,-90,1,1.75,-15,-90
485,9,0,0,-90,1,1.75,-15,-90
486,9,1,-60,-60,1,1.75,-15,-60
487,9,1,-60,-60,1,1.75,-15,-60
488,9,1,-60,-60,1,1.75,-15,-60
489,9,1,-60,-60,1,1.75,-15,-60
490,9,0,0,-100,1,1.75,-15,-100
491,9,1,-60,-60,1,1.75,-15,-60
492,9,0,0,-90,1,1.75,-15,-90
493,9,1,-60,-60,1,1.75,-15,-60
494,9,0,0,-90,1,1.75,-15,-90
495,9,0,0,-90,1,1.75,-15,-90
496,9,0,0,-90,1,1.75,-15,-90
497,9,0,0,-90,1,1.75,-15,-90
498,9,0,0,-90,1,1.75,-15,-90
499,9,0,0,-90,1,1.75,-15,-90
500,9,0,0,-100,1,1.75,-15,-100
501,9,0,0,-100,1,1.75,-15,-100
502,9,0,0,-90,1,1.75,-15,-90
503,9,0,0,-100,1,1.75,-15,-100
504,9,0,0,-90,1,1.75,-15,-90
505,9,0,0,-90,1,1.75,-15,-90
506,9,0,0,-90,1,1.75,-15,-90
507,9,1,-60,-60,1,1.75,-15,-60
508,9,0,0,-90,1,1.75,-15,-90
509,9,0,0,-90,1,1.75,-15,-90
510,9,0,0,-90,1,1.75,-15,-90
511,9,0,0,-90,1,1.75,-15,-90
512,9,0,0,-90,1,1.75,-15,-90
513,9,0,0,-90,1,1.75,-15,-90
514,9,0,0,-90,1,1.75,-15,-90
515,9,0,0,-90,1,1.75,-15,-90
516,9,1,-60,-60,1,1.75,-15,-60
517,9,1,-60,-60,1,1.75,-15,-60
518,9,1,-60,-60,1,1.75,-15,-60
519,9,1,-60,-60,1,1.75,-15,-60
520,9,0,0,-90,1,1.75,-15,-90
521,9,0,0,-90,1,1.75,-15,-90
522,9,1,-60,-60,1,1.75,-15,-60
523,9,1,-60,-60,1,1.75,-15,-60
524,9,1,-60,-60,1,1.75,-15,-60
525,9,1,-60,-60,1,1.75,-15,-60
526,9,1,-60,-60,1,1.75,-15,-60
527,9,1,-60,-60,1,1.75,-15,-60
528,9,1,-60,-60,1,1.75,-15,-60
529,9,1,-60,-60,1,1.75,-15,-60
530,9,1,-60,-60,1,1.75,-15,-60
531,9,1,-60,-60,1,1.75,-15,-60
532,9,0,0,-100,1,1.75,-15,-100
533,9,0,0,-100,1,1.75,-15,-100
534,9,0,0,-100,1,1.75,-15,-100
535,9,0,0,-90,1,1.75,-15,-90
536,9,1,-60,-60,1,1.75,-15,-60
0,11,1,-50,-50,1,1.75,-15,-60
1,11,0,0,-70,1,1.75,-15,-100
2,11,0,0,-70,1,1.75,-15,-100
3,11,0,0,-70,1,1.75,-15,-100
4,11,0,0,-60,1,1.75,-15,-90
5,11,0,0,-60,1,1.75,-15,-90
6,11,0,0,-70,1,1.75,-15,-100
7,11,0,0,-70,1,1.75,-15,-100
8,11,0,0,-70,1,1.75,-15,-100
9,11,0,0,-70,1,1.75,-15,-100
10,11,0,0,-70,1,1.75,-15,-100
11,11,0,0,-70,1,1.75,-15,-100
12,11,0,0,-70,1,1.75,-15,-100
13,11,0,0,-70,1,1.75,-15,-100
14,11,0,0,-70,1,1.75,-15,-100
15,11,0,0,-70,1,1.75,-15,-100
16,11,0,0,-60,1,1.75,-15,-90
17,11,0,0,-60,1,1.75,-15,-90
18,11,0,0,-60,1,1.75,-15,-90
19,11,0,0,-60,1,1.75,-15,-90
20,11,0,0,-70,1,1.75,-15,-100
21,11,0,0,-60,1,1.75,-15,-90
22,11,0,0,-70,1,1.75,-15,-100
23,11,0,0,-70,1,1.75,-15,-100
24,11,0,0,-60,1,1.75,-15,-90
25,11,0,0,-60,1,1.75,-15,-90
26,11,1,-50,-50,1,1.75,-15,-60
27,11,0,0,-60,1,1.75,-15,-90
28,11,0,0,-60,1,1.75,-15,-90
29,11,0,0,-70,1,1.75,-15,-100
30,11,0,0,-70,1,1.75,-15,-100
31,11,0,0,-70,1,1.75,-15,-100
32,11,0,0,-60,1,1.75,-15,-90
33,11,0,0,-70,1,1.75,-15,-100
34,11,0,0,-70,1,1.75,-15,-100
35,11,0,0,-60,1,1.75,-15,-90
36,11,0,0,-60,1,1.75,-15,-90
37,11,0,0,-70,1,1.75,-15,-100
38,11,0,0,-70,1,1.75,-15,-100
39,11,0,0,-70,1,1.75,-15,-100
40,11,0,0,-60,1,1.75,-15,-90
41,11,0,0,-60,1,1.75,-15,-90
42,11,0,0,-70,1,1.75,-15,-100
43,11,0,0,-70,1,1.75,-15,-100
44,11,0,0,-70,1,1.75,-15,-100
45,11,0,0,-70,1,1.75,-15,-100
46,11,0,0,-70,1,1.75,-15,-100
47,11,0,0,-70,1,1.75,-15,-100
48,11,1,-50,-50,1,1.75,-15,-60
49,11,0,0,-70,1,1.75,-15,-100
50,11,0,0,-70,1,1.75,-15,-100
51,11,0,0,-70,1,1.75,-15,-100
52,11,0,0,-60,1,1.75,-15,-90
53,11,1,-50,-50,1,1.75,-15,-60
54,11,0,0,-60,1,1.75,-15,-90
55,11,0,0,-60,1,1.75,-15,-90
56,11,0,0,-60,1,1.75,-15,-90
57,11,0,0,-60,1,1.75,-15,-90
58,11,0,0,-70,1,1.75,-15,-100
59,11,0,0,-70,1,1.75,-15,-100
60,11,0,0,-60,1,1.75,-15,-90
61,11,0,0,-70,1,1.75,-15,-100
62,11,0,0,-60,1,1.75,-15,-90
63,11,0,0,-60,1,1.75,-15,-90
64,11,0,0,-60,1,1.75,-15,-90
65,11,0,0,-60,1,1.75,-15,-90
66,11,0,0,-60,1,1.75,-15,-90
67,11,0,0,-60,1,1.75,-15,-90
68,11,0,0,-60,1,1.75,-15,-90
69,11,0,0,-60,1,1.75,-15,-90
70,11,1,-50,-50,1,1.75,-15,-60
71,11,1,-50,-50,1,1.75,-15,-60
72,11,1,-50,-50,1,1.75,-15,-60
73,11,0,0,-70,1,1.75,-15,-100
74,11,0,0,-70,1,1.75,-15,-100
75,11,1,-50,-50,1,1.75,-15,-60
76,11,0,0,-70,1,1.75,-15,-100
77,11,0,0,-70,1,1.75,-15,-100
78,11,0,0,-60,1,1.75,-15,-90
79,11,0,0,-60,1,1.75,-15,-90
80,11,0,0,-70,1,1.75,-15,-100
81,11,1,-50,-50,1,1.75,-15,-60
82,11,1,-50,-50,1,1.75,-15,-60
83,11,0,0,-60,1,1.75,-15,-90
84,11,1,-50,-50,1,1.75,-15,-60
85,11,1,-50,-50,1,1.75,-15,-60
86,11,1,-50,-50,1,1.75,-15,-60
87,11,1,-50,-50,1,1.75,-15,-60
88,11,1,-50,-50,1,1.75,-15,-60
89,11,1,-50,-50,1,1.75,-15,-60
90,11,1,-50,-50,1,1.75,-15,-60
91,11,1,-50,-50,1,1.75,-15,-60
92,11,1,-50,-50,1,1.75,-15,-60
93,11,1,-50,-50,1,1.75,-15,-60
94,11,1,-50,-50,1,1.75,-15,-60
95,11,1,-50,-50,1,1.75,-15,-60
96,11,0,0,-60,1,1.75,-15,-90
97,11,0,0,-60,1,1.75,-15,-90
98,11,1,-50,-50,1,1.75,-15,-60
99,11,1,-50,-50,1,1.75,-15,-60
100,11,1,-50,-50,1,1.75,-15,-60
101,11,1,-50,-50,1,1.75,-15,-60
102,11,1,-50,-50,1,1.75,-15,-60
103,11,1,-50,-50,1,1.75,-15,-60
104,11,1,-50,-50,1,1.75,-15,-60
105,11,1,-50,-50,1,1.75,-15,-60
106,11,1,-50,-50,1,1.75,-15,-60
107,11,1,-50,-50,1,1.75,-15,-60
108,11,1,-50,-50,1,1.75,-15,-60
109,11,1,-50,-50,1,1.75,-15,-60
110,11,1,-50,-50,1,1.75,-15,-60
111,11,1,-50,-50,1,1.75,-15,-60
112,11,1,-50,-50,1,1.75,-15,-60
113,11,1,-50,-50,1,1.75,-15,-60
114,11,1,-50,-50,1,1.75,-15,-60
115,11,1,-50,-50,1,1.75,-15,-60
116,11,1,-50,-50,1,1.75,-15,-60
117,11,1,-50,-50,1,1.75,-15,-60
118,11,0,0,-60,1,1.75,-15,-90
119,11,0,0,-60,1,1.75,-15,-90
120,11,0,0,-60,1,1.75,-15,-90
121,11,1,-50,-50,1,1.75,-15,-60
122,11,1,-50,-50,1,1.75,-15,-60
123,11,1,-50,-50,1,1.75,-15,-60
124,11,1,-50,-50,1,1.75,-15,-60
125,11,1,-50,-50,1,1.75,-15,-60
126,11,1,-50,-50,1,1.75,-15,-60
127,11,1,-50,-50,1,1.75,-15,-60
128,11,1,-50,-50,1,1.75,-15,-60
129,11,1,-50,-50,1,1.75,-15,-60
130,11,1,-50,-50,1,1.75,-15,-60
131,11,1,-50,-50,1,1.75,-15,-60
132,11,1,-50,-50,1,1.75,-15,-60
133,11,1,-50,-50,1,1.75,-15,-60
134,11,1,-50,-50,1,1.75,-15,-60
135,11,1,-50,-50,1,1.75,-15,-60
136,11,1,-50,-50,1,1.75,-15,-60
137,11,1,-50,-50,1,1.75,-15,-60
138,11,1,-50,-50,1,1.75,-15,-60
139,11,1,-50,-50,1,1.75,-15,-60
140,11,1,-50,-50,1,1.75,-15,-60
141,11,1,-50,-50,1,1.75,-15,-60
142,11,0,0,-60,1,1.75,-15,-90
143,11,1,-50,-50,1,1.75,-15,-60
144,11,1,-50,-50,1,1.75,-15,-60
145,11,0,0,-60,1,1.75,-15,-90
146,11,1,-50,-50,1,1.75,-15,-60
147,11,1,-50,-50,1,1.75,-15,-60
148,11,1,-50,-50,1,1.75,-15,-60
149,11,1,-50,-50,1,1.75,-15,-60
150,11,1,-50,-50,1,1.75,-15,-60
151,11,1,-50,-50,1,1.75,-15,-60
152,11,1,-50,-50,1,1.75,-15,-60
153,11,1,-50,-50,1,1.75,-15,-60
154,11,1,-50,-50,1,1.75,-15,-60
155,11,1,-50,-50,1,1.75,-15,-60
156,11,1,-50,-50,1,1.75,-15,-60
157,11,1,-50,-50,1,1.75,-15,-60
158,11,1,-50,-50,1,1.75,-15,-60
159,11,1,-50,-50,1,1.75,-15,-60
160,11,1,-50,-50,1,1.75,-15,-60
161,11,1,-50,-50,1,1.75,-15,-60
162,11,1,-50,-50,1,1.75,-15,-60
163,11,1,-50,-50,1,1.75,-15,-60
164,11,1,-50,-50,1,1.75,-15,-60
165,11,1,-50,-50,1,1.75,-15,-60
166,11,1,-50,-50,1,1.75,-15,-60
167,11,1,-50,-50,1,1.75,-15,-60
168,11,1,-50,-50,1,1.75,-15,-60
169,11,1,-50,-50,1,1.75,-15,-60
170,11,1,-50,-50,1,1.75,-15,-60
171,11,1,-50,-50,1,1.75,-15,-60
172,11,1,-50,-50,1,1.75,-15,-60
173,11,1,-50,-50,1,1.75,-15,-60
174,11,1,-50,-50,1,1.75,-15,-60
175,11,0,0,-60,1,1.75,-15,-90
176,11,1,-50,-50,1,1.75,-15,-60
177,11,0,0,-60,1,1.75,-15,-90
178,11,1,-50,-50,1,1.75,-15,-60
179,11,1,-50,-50,1,1.75,-15,-60
180,11,1,-50,-50,1,1.75,-15,-60
181,11,1,-50,-50,1,1.75,-15,-60
182,11,1,-50,-50,1,1.75,-15,-60
183,11,0,0,-60,1,1.75,-15,-90
184,11,1,-50,-50,1,1.75,-15,-60
185,11,1,-50,-50,1,1.75,-15,-60
186,11,1,-50,-50,1,1.75,-15,-60
187,11,1,-50,-50,1,1.75,-15,-60
188,11,1,-50,-50,1,1.75,-15,-60
189,11,1,-50,-50,1,1.75,-15,-60
190,11,1,-50,-50,1,1.75,-15,-60
191,11,1,-50,-50,1,1.75,-15,-60
192,11,1,-50,-50,1,1.75,-15,-60
193,11,1,-50,-50,1,1.75,-15,-60
194,11,1,-50,-50,1,1.75,-15,-60
195,11,1,-50,-50,1,1.75,-15,-60
196,11,1,-50,-50,1,1.75,-15,-60
197,11,1,-50,-50,1,1.75,-15,-60
198,11,1,-50,-50,1,1.75,-15,-60
199,11,1,-50,-50,1,1.75,-15,-60
200,11,1,-50,-50,1,1.75,-15,-60
201,11,1,-50,-50,1,1.75,-15,-60
202,11,1,-50,-50,1,1.75,-15,-60
203,11,0,0,-60,1,1.75,-15,-90
204,11,1,-50,-50,1,1.75,-15,-60
205,11,1,-50,-50,1,1.75,-15,-60
206,11,1,-50,-50,1,1.75,-15,-60
207,11,1,-50,-50,1,1.75,-15,-60
208,11,1,-50,-50,1,1.75,-15,-60
209,11,1,-50,-50,1,1.75,-15,-60
210,11,1,-50,-50,1,1.75,-15,-60
211,11,1,-50,-50,1,1.75,-15,-60
212,11,1,-50,-50,1,1.75,-15,-60
213,11,1,-50,-50,1,1.75,-15,-60
214,11,1,-50,-50,1,1.75,-15,-60
215,11,1,-50,-50,1,1.75,-15,-60
216,11,0,0,-70,1,1.75,-15,-100
217,11,0,0,-60,1,1.75,-15,-90
218,11,0,0,-60,1,1.75,-15,-90
219,11,0,0,-60,1,1.75,-15,-90
220,11,0,0,-60,1,1.75,-15,-90
221,11,1,-50,-50,1,1.75,-15,-60
222,11,0,0,-60,1,1.75,-15,-90
223,11,0,0,-60,1,1.75,-15,-90
224,11,1,-50,-50,1,1.75,-15,-60
225,11,1,-50,-50,1,1.75,-15,-60
226,11,1,-50,-50,1,1.75,-15,-60
227,11,1,-50,-50,1,1.75,-15,-60
228,11,0,0,-60,1,1.75,-15,-90
229,11,1,-50,-50,1,1.75,-15,-60
230,11,1,-50,-50,1,1.75,-15,-60
231,11,1,-50,-50,1,1.75,-15,-60
232,11,1,-50,-50,1,1.75,-15,-60
233,11,1,-50,-50,1,1.75,-15,-60
234,11,1,-50,-50,1,1.75,-15,-60
235,11,1,-50,-50,1,1.75,-15,-60
236,11,1,-50,-50,1,1.75,-15,-60
237,11,1,-50,-50,1,1.75,-15,-60
238,11,1,-50,-50,1,1.75,-15,-60
239,11,0,0,-60,1,1.75,-15,-90
240,11,1,-50,-50,1,1.75,-15,-60
241,11,1,-50,-50,1,1.75,-15,-60
242,11,1,-50,-50,1,1.75,-15,-60
243,11,0,0,-60,1,1.75,-15,-90
244,11,0,0,-60,1,1.75,-15,-90
245,11,0,0,-60,1,1.75,-15,-90
246,11,0,0,-60,1,1.75,-15,-90
247,11,0,0,-60,1,1.75,-15,-90
248,11,1,-50,-50,1,1.75,-15,-60
249,11,1,-50,-50,1,1.75,-15,-60
250,11,1,-50,-50,1,1.75,-15,-60
251,11,1,-50,-50,1,1.75,-15,-60
252,11,1,-50,-50,1,1.75,-15,-60
253,11,1,-50,-50,1,1.75,-15,-60
254,11,1,-50,-50,1,1.75,-15,-60
255,11,1,-50,-50,1,1.75,-15,-60
256,11,1,-50,-50,1,1.75,-15,-60
257,11,1,-50,-50,1,1.75,-15,-60
258,11,1,-50,-50,1,1.75,-15,-60
259,11,1,-50,-50,1,1.75,-15,-60
260,11,1,-50,-50,1,1.75,-15,-60
261,11,1,-50,-50,1,1.75,-15,-60
262,11,1,-50,-50,1,1.75,-15,-60
263,11,1,-50,-50,1,1.75,-15,-60
264,11,1,-50,-50,1,1.75,-15,-60
265,11,1,-50,-50,1,1.75,-15,-60
266,11,1,-50,-50,1,1.75,-15,-60
267,11,1,-50,-50,1,1.75,-15,-60
268,11,0,0,-60,1,1.75,-15,-90
269,11,0,0,-70,1,1.75,-15,-100
270,11,0,0,-60,1,1.75,-15,-90
271,11,0,0,-60,1,1.75,-15,-90
272,11,0,0,-70,1,1.75,-15,-100
273,11,1,-50,-50,1,1.75,-15,-60
274,11,0,0,-70,1,1.75,-15,-100
275,11,1,-50,-50,1,1.75,-15,-60
276,11,0,0,-60,1,1.75,-15,-90
277,11,1,-50,-50,1,1.75,-15,-60
278,11,1,-50,-50,1,1.75,-15,-60
279,11,0,0,-60,1,1.75,-15,-90
280,11,1,-50,-50,1,1.75,-15,-60
281,11,1,-50,-50,1,1.75,-15,-60
282,11,1,-50,-50,1,1.75,-15,-60
283,11,1,-50,-50,1,1.75,-15,-60
284,11,1,-50,-50,1,1.75,-15,-60
285,11,1,-50,-50,1,1.75,-15,-60
286,11,1,-50,-50,1,1.75,-15,-60
287,11,1,-50,-50,1,1.75,-15,-60
288,11,1,-50,-50,1,1.75,-15,-60
289,11,1,-50,-50,1,1.75,-15,-60
290,11,0,0,-60,1,1.75,-15,-90
291,11,1,-50,-50,1,1.75,-15,-60
292,11,1,-50,-50,1,1.75,-15,-60
293,11,0,0,-60,1,1.75,-15,-90
294,11,1,-50,-50,1,1.75,-15,-60
295,11,1,-50,-50,1,1.75,-15,-60
296,11,0,0,-60,1,1.75,-15,-90
297,11,0,0,-60,1,1.75,-15,-90
298,11,1,-50,-50,1,1.75,-15,-60
299,11,1,-50,-50,1,1.75,-15,-60
300,11,1,-50,-50,1,1.75,-15,-60
301,11,1,-50,-50,1,1.75,-15,-60
302,11,1,-50,-50,1,1.75,-15,-60
303,11,1,-50,-50,1,1.75,-15,-60
304,11,1,-50,-50,1,1.75,-15,-60
305,11,0,0,-70,1,1.75,-15,-100
306,11,1,-50,-50,1,1.75,-15,-60
307,11,1,-50,-50,1,1.75,-15,-60
308,11,1,-50,-50,1,1.75,-15,-60
309,11,1,-50,-50,1,1.75,-15,-60
310,11,1,-50,-50,1,1.75,-15,-60
311,11,1,-50,-50,1,1.75,-15,-60
312,11,1,-50,-50,1,1.75,-15,-60
313,11,1,-50,-50,1,1.75,-15,-60
314,11,1,-50,-50,1,1.75,-15,-60
315,11,1,-50,-50,1,1.75,-15,-60
316,11,0,0,-60,1,1.75,-15,-90
317,11,0,0,-60,1,1.75,-15,-90
318,11,0,0,-60,1,1.75,-15,-90
319,11,1,-50,-50,1,1.75,-15,-60
320,11,0,0,-60,1,1.75,-15,-90
321,11,0,0,-60,1,1.75,-15,-90
322,11,0,0,-60,1,1.75,-15,-90
323,11,1,-50,-50,1,1.75,-15,-60
324,11,0,0,-60,1,1.75,-15,-90
325,11,1,-50,-50,1,1.75,-15,-60
326,11,1,-50,-50,1,1.75,-15,-60
327,11,1,-50,-50,1,1.75,-15,-60
328,11,1,-50,-50,1,1.75,-15,-60
329,11,0,0,-60,1,1.75,-15,-90
330,11,1,-50,-50,1,1.75,-15,-60
331,11,1,-50,-50,1,1.75,-15,-60
332,11,0,0,-60,1,1.75,-15,-90
333,11,1,-50,-50,1,1.75,-15,-60
334,11,1,-50,-50,1,1.75,-15,-60
335,11,1,-50,-50,1,1.75,-15,-60
336,11,1,-50,-50,1,1.75,-15,-60
337,11,1,-50,-50,1,1.75,-15,-60
338,11,0,0,-60,1,1.75,-15,-90
339,11,0,0,-60,1,1.75,-15,-90
340,11,1,-50,-50,1,1.75,-15,-60
341,11,1,-50,-50,1,1.75,-15,-60
342,11,1,-50,-50,1,1.75,-15,-60
343,11,1,-50,-50,1,1.75,-15,-60
344,11,1,-50,-50,1,1.75,-15,-60
345,11,1,-50,-50,1,1.75,-15,-60
346,11,1,-50,-50,1,1.75,-15,-60
347,11,1,-50,-50,1,1.75,-15,-60
348,11,1,-50,-50,1,1.75,-15,-60
349,11,1,-50,-50,1,1.75,-15,-60
350,11,0,0,-60,1,1.75,-15,-90
351,11,0,0,-60,1,1.75,-15,-90
352,11,0,0,-60,1,1.75,-15,-90
353,11,1,-50,-50,1,1.75,-15,-60
354,11,1,-50,-50,1,1.75,-15,-60
355,11,1,-50,-50,1,1.75,-15,-60
356,11,1,-50,-50,1,1.75,-15,-60
357,11,1,-50,-50,1,1.75,-15,-60
358,11,0,0,-60,1,1.75,-15,-90
359,11,1,-50,-50,1,1.75,-15,-60
360,11,0,0,-60,1,1.75,-15,-90
361,11,0,0,-60,1,1.75,-15,-90
362,11,0,0,-60,1,1.75,-15,-90
363,11,1,-50,-50,1,1.75,-15,-60
364,11,1,-50,-50,1,1.75,-15,-60
365,11,0,0,-60,1,1.75,-15,-90
366,11,0,0,-60,1,1.75,-15,-90
367,11,0,0,-60,1,1.75,-15,-90
368,11,0,0,-70,1,1.75,-15,-100
369,11,0,0,-60,1,1.75,-15,-90
370,11,0,0,-70,1,1.75,-15,-100
371,11,1,-50,-50,1,1.75,-15,-60
372,11,1,-50,-50,1,1.75,-15,-60
373,11,0,0,-60,1,1.75,-15,-90
374,11,1,-50,-50,1,1.75,-15,-60
375,11,1,-50,-50,1,1.75,-15,-60
376,11,1,-50,-50,1,1.75,-15,-60
377,11,1,-50,-50,1,1.75,-15,-60
378,11,1,-50,-50,1,1.75,-15,-60
379,11,1,-50,-50,1,1.75,-15,-60
380,11,1,-50,-50,1,1.75,-15,-60
381,11,0,0,-60,1,1.75,-15,-90
382,11,0,0,-60,1,1.75,-15,-90
383,11,0,0,-60,1,1.75,-15,-90
384,11,0,0,-60,1,1.75,-15,-90
385,11,0,0,-60,1,1.75,-15,-90
386,11,0,0,-60,1,1.75,-15,-90
387,11,0,0,-60,1,1.75,-15,-90
388,11,1,-50,-50,1,1.75,-15,-60
389,11,0,0,-60,1,1.75,-15,-90
390,11,0,0,-60,1,1.75,-15,-90
391,11,0,0,-60,1,1.75,-15,-90
392,11,0,0,-60,1,1.75,-15,-90
393,11,0,0,-70,1,1.75,-15,-100
394,11,0,0,-60,1,1.75,-15,-90
395,11,0,0,-60,1,1.75,-15,-90
396,11,1,-50,-50,1,1.75,-15,-60
397,11,0,0,-60,1,1.75,-15,-90
398,11,0,0,-60,1,1.75,-15,-90
399,11,0,0,-60,1,1.75,-15,-90
400,11,0,0,-60,1,1.75,-15,-90
401,11,0,0,-60,1,1.75,-15,-90
402,11,1,-50,-50,1,1.75,-15,-60
403,11,0,0,-60,1,1.75,-15,-90
404,11,0,0,-60,1,1.75,-15,-90
405,11,0,0,-60,1,1.75,-15,-90
406,11,0,0,-70,1,1.75,-15,-100
407,11,0,0,-60,1,1.75,-15,-90
408,11,0,0,-70,1,1.75,-15,-100
409,11,1,-50,-50,1,1.75,-15,-60
410,11,0,0,-70,1,1.75,-15,-100
411,11,0,0,-60,1,1.75,-15,-90
412,11,0,0,-70,1,1.75,-15,-100
413,11,0,0,-60,1,1.75,-15,-90
414,11,0,0,-60,1,1.75,-15,-90
415,11,0,0,-70,1,1.75,-15,-100
416,11,0,0,-60,1,1.75,-15,-90
417,11,0,0,-60,1,1.75,-15,-90
418,11,0,0,-60,1,1.75,-15,-90
419,11,0,0,-60,1,1.75,-15,-90
420,11,1,-60,-60,1,1.75,-15,-80
421,11,0,0,-60,1,1.75,-15,-90
422,11,0,0,-60,1,1.75,-15,-90
423,11,0,0,-60,1,1.75,-15,-90
424,11,1,-50,-50,1,1.75,-15,-60
425,11,0,0,-60,1,1.75,-15,-90
426,11,0,0,-60,1,1.75,-15,-90
427,11,0,0,-60,1,1.75,-15,-90
428,11,0,0,-60,1,1.75,-15,-90
429,11,0,0,-70,1,1.75,-15,-100
430,11,0,0,-60,1,1.75,-15,-90
431,11,0,0,-60,1,1.75,-15,-90
432,11,0,0,-60,1,1.75,-15,-90
433,11,0,0,-60,1,1.75,-15,-90
434,11,0,0,-60,1,1.75,-15,-90
435,11,0,0,-60,1,1.75,-15,-90
436,11,0,0,-60,1,1.75,-15,-90
437,11,0,0,-60,1,1.75,-15,-90
438,11,0,0,-60,1,1.75,-15,-90
439,11,0,0,-60,1,1.75,-15,-90
440,11,0,0,-60,1,1.75,-15,-90
441,11,0,0,-60,1,1.75,-15,-90
442,11,0,0,-60,1,1.75,-15,-90
443,11,0,0,-60,1,1.75,-15,-90
444,11,0,0,-60,1,1.75,-15,-90
445,11,0,0,-60,1,1.75,-15,-90
446,11,0,0,-60,1,1.75,-15,-90
447,11,0,0,-60,1,1.75,-15,-90
448,11,0,0,-60,1,1.75,-15,-90
449,11,0,0,-60,1,1.75,-15,-90
450,11,0,0,-60,1,1.75,-15,-90
451,11,0,0,-60,1,1.75,-15,-90
452,11,0,0,-60,1,1.75,-15,-90
453,11,0,0,-60,1,1.75,-15,-90
454,11,0,0,-60,1,1.75,-15,-90
455,11,0,0,-60,1,1.75,-15,-90
456,11,0,0,-70,1,1.75,-15,-100
457,11,0,0,-60,1,1.75,-15,-90
458,11,0,0,-70,1,1.75,-15,-100
459,11,0,0,-60,1,1.75,-15,-90
460,11,0,0,-60,1,1.75,-15,-90
461,11,0,0,-60,1,1.75,-15,-90
462,11,0,0,-60,1,1.75,-15,-90
463,11,0,0,-60,1,1.75,-15,-90
464,11,0,0,-60,1,1.75,-15,-90
465,11,0,0,-60,1,1.75,-15,-90
466,11,0,0,-60,1,1.75,-15,-90
467,11,0,0,-60,1,1.75,-15,-90
468,11,0,0,-60,1,1.75,-15,-90
469,11,0,0,-60,1,1.75,-15,-90
470,11,0,0,-60,1,1.75,-15,-90
471,11,0,0,-60,1,1.75,-15,-90
472,11,0,0,-60,1,1.75,-15,-90
473,11,0,0,-60,1,1.75,-15,-90
474,11,0,0,-60,1,1.75,-15,-90
475,11,0,0,-60,1,1.75,-15,-90
476,11,0,0,-60,1,1.75,-15,-90
477,11,0,0,-60,1,1.75,-15,-90
478,11,0,0,-60,1,1.75,-15,-90
479,11,0,0,-60,1,1.75,-15,-90
480,11,0,0,-60,1,1.75,-15,-90
481,11,0,0,-60,1,1.75,-15,-90
482,11,0,0,-60,1,1.75,-15,-90
483,11,0,0,-60,1,1.75,-15,-90
484,11,0,0,-60,1,1.75,-15,-90
485,11,0,0,-60,1,1.75,-15,-90
486,11,1,-50,-50,1,1.75,-15,-60
487,11,1,-50,-50,1,1.75,-15,-60
488,11,1,-50,-50,1,1.75,-15,-60
489,11,1,-50,-50,1,1.75,-15,-60
490,11,0,0,-70,1,1.75,-15,-100
491,11,1,-50,-50,1,1.75,-15,-60
492,11,0,0,-60,1,1.75,-15,-90
493,11,1,-50,-50,1,1.75,-15,-60
494,11,0,0,-60,1,1.75,-15,-90
495,11,0,0,-60,1,1.75,-15,-90
496,11,0,0,-60,1,1.75,-15,-90
497,11,0,0,-60,1,1.75,-15,-90
498,11,0,0,-60,1,1.75,-15,-90
499,11,0,0,-60,1,1.75,-15,-90
500,11,0,0,-70,1,1.75,-15,-100
501,11,0,0,-70,1,1.75,-15,-100
502,11,0,0,-60,1,1.75,-15,-90
503,11,0,0,-70,1,1.75,-15,-100
504,11,0,0,-60,1,1.75,-15,-90
505,11,0,0,-60,1,1.75,-15,-90
506,11,0,0,-60,1,1.75,-15,-90
507,11,1,-50,-50,1,1.75,-15,-60
508,11,0,0,-60,1,1.75,-15,-90
509,11,0,0,-60,1,1.75,-15,-90
510,11,0,0,-60,1,1.75,-15,-90
511,11,0,0,-60,1,1.75,-15,-90
512,11,0,0,-60,1,1.75,-15,-90
513,11,0,0,-60,1,1.75,-15,-90
514,11,0,0,-60,1,1.75,-15,-90
515,11,0,0,-60,1,1.75,-15,-90
516,11,1,-50,-50,1,1.75,-15,-60
517,11,1,-50,-50,1,1.75,-15,-60
518,11,1,-50,-50,1,1.75,-15,-60
519,11,1,-50,-50,1,1.75,-15,-60
520,11,0,0,-60,1,1.75,-15,-90
521,11,0,0,-60,1,1.75,-15,-90
522,11,1,-50,-50,1,1.75,-15,-60
523,11,1,-50,-50,1,1.75,-15,-60
524,11,1,-50,-50,1,1.75,-15,-60
525,11,1,-50,-50,1,1.75,-15,-60
526,11,1,-50,-50,1,1.75,-15,-60
527,11,1,-50,-50,1,1.75,-15,-60
528,11,1,-50,-50,1,1.75,-15,-60
529,11,1,-50,-50,1,1.75,-15,-60
530,11,1,-50,-50,1,1.75,-15,-60
531,11,1,-50,-50,1,1.75,-15,-60
532,11,0,0,-70,1,1.75,-15,-100
533,11,0,0,-70,1,1.75,-15,-100
534,11,0,0,-70,1,1.75,-15,-100
535,11,0,0,-60,1,1.75,-15,-90
536,11,1,-50,-50,1,1.75,-15,-60
