soil_id,crop_id,RDS
0,1,120
1,1,10
2,1,10
3,1,10
4,1,120
5,1,120
6,1,10
7,1,10
8,1,25
9,1,10
10,1,10
11,1,10
12,1,10
13,1,10
14,1,10
15,1,10
16,1,120
17,1,120
18,1,120
19,1,120
20,1,25
21,1,120
22,1,120
23,1,120
24,1,120
25,1,120
26,1,40
27,1,30
28,1,55
29,1,10
30,1,10
31,1,10
32,1,120
33,1,10
34,1,10
35,1,120
36,1,120
37,1,10
38,1,10
39,1,10
40,1,120
41,1,120
42,1,10
43,1,10
44,1,10
45,1,10
46,1,10
47,1,10
48,1,40
49,1,15
50,1,15
51,1,15
52,1,55
53,1,120
54,1,120
55,1,120
56,1,120
57,1,30
58,1,15
59,1,10
60,1,30
61,1,30
62,1,30
63,1,30
64,1,30
65,1,30
66,1,30
67,1,30
68,1,30
69,1,30
70,1,120
71,1,120
72,1,120
73,1,10
74,1,15
75,1,25
76,1,10
77,1,120
78,1,120
79,1,120
80,1,120
81,1,120
82,1,120
83,1,30
84,1,25
85,1,55
86,1,56
87,1,40
88,1,10
89,1,84
90,1,10
91,1,111
92,1,70
93,1,88
94,1,25
95,1,120
96,1,30
97,1,30
98,1,100
99,1,15
100,1,50
101,1,55
102,1,30
103,1,40
104,1,70
105,1,80
106,1,80
107,1,75
108,1,90
109,1,45
110,1,70
111,1,70
112,1,25
113,1,30
114,1,15
115,1,55
116,1,120
117,1,120
118,1,55
119,1,30
120,1,25
121,1,40
122,1,40
123,1,40
124,1,40
125,1,58
126,1,40
127,1,40
128,1,55
129,1,55
130,1,55
131,1,55
132,1,40
133,1,55
134,1,55
135,1,55
136,1,30
137,1,35
138,1,45
139,1,55
140,1,55
141,1,30
142,1,120
143,1,10
144,1,65
145,1,35
146,1,45
147,1,15
148,1,10
149,1,10
150,1,15
151,1,10
152,1,72
153,1,10
154,1,30
155,1,50
156,1,50
157,1,120
158,1,78
159,1,40
160,1,48
161,1,65
162,1,88
163,1,74
164,1,40
165,1,120
166,1,10
167,1,10
168,1,75
169,1,73
170,1,62
171,1,70
172,1,50
173,1,120
174,1,60
175,1,10
176,1,120
177,1,35
178,1,65
179,1,25
180,1,25
181,1,10
182,1,53
183,1,15
184,1,73
185,1,65
186,1,10
187,1,10
188,1,10
189,1,10
190,1,10
191,1,100
192,1,23
193,1,30
194,1,105
195,1,45
196,1,45
197,1,10
198,1,10
199,1,80
200,1,50
201,1,80
202,1,120
203,1,10
204,1,45
205,1,62
206,1,62
207,1,10
208,1,10
209,1,10
210,1,70
211,1,93
212,1,10
213,1,23
214,1,53
215,1,10
216,1,30
217,1,15
218,1,120
219,1,113
220,1,25
221,1,120
222,1,33
223,1,90
224,1,53
225,1,55
226,1,53
227,1,65
228,1,50
229,1,40
230,1,25
231,1,38
232,1,25
233,1,45
234,1,40
235,1,55
236,1,38
237,1,45
238,1,40
239,1,45
240,1,25
241,1,57
242,1,30
243,1,120
244,1,120
245,1,120
246,1,120
247,1,120
248,1,120
249,1,50
250,1,120
251,1,15
252,1,55
253,1,25
254,1,55
255,1,53
256,1,116
257,1,40
258,1,50
259,1,10
260,1,60
261,1,75
262,1,50
263,1,15
264,1,30
265,1,73
266,1,25
267,1,77
268,1,25
269,1,15
270,1,15
271,1,90
272,1,10
273,1,10
274,1,10
275,1,10
276,1,120
277,1,10
278,1,50
279,1,50
280,1,10
281,1,116
282,1,50
283,1,95
284,1,10
285,1,25
286,1,50
287,1,10
288,1,100
289,1,30
290,1,120
291,1,120
292,1,38
293,1,80
294,1,65
295,1,55
296,1,25
297,1,55
298,1,65
299,1,50
300,1,116
301,1,50
302,1,25
303,1,55
304,1,75
305,1,10
306,1,53
307,1,25
308,1,45
309,1,66
310,1,68
311,1,70
312,1,23
313,1,55
314,1,64
315,1,44
316,1,10
317,1,120
318,1,10
319,1,120
320,1,120
321,1,120
322,1,120
323,1,120
324,1,40
325,1,40
326,1,50
327,1,40
328,1,40
329,1,40
330,1,50
331,1,50
332,1,10
333,1,15
334,1,120
335,1,120
336,1,120
337,1,120
338,1,120
339,1,40
340,1,120
341,1,25
342,1,40
343,1,10
344,1,40
345,1,65
346,1,25
347,1,25
348,1,15
349,1,10
350,1,120
351,1,120
352,1,90
353,1,10
354,1,40
355,1,50
356,1,58
357,1,40
358,1,50
359,1,10
360,1,120
361,1,120
362,1,120
363,1,58
364,1,58
365,1,30
366,1,120
367,1,95
368,1,10
369,1,10
370,1,10
371,1,55
372,1,30
373,1,10
374,1,15
375,1,55
376,1,25
377,1,40
378,1,120
379,1,120
380,1,15
381,1,120
382,1,120
383,1,120
384,1,120
385,1,25
386,1,10
387,1,10
388,1,32
389,1,120
390,1,120
391,1,120
392,1,120
393,1,30
394,1,120
395,1,120
396,1,120
397,1,120
398,1,120
399,1,120
400,1,120
401,1,25
402,1,25
403,1,120
404,1,10
405,1,120
406,1,45
407,1,120
408,1,120
409,1,120
410,1,120
411,1,120
412,1,120
413,1,120
414,1,10
415,1,120
416,1,120
417,1,120
418,1,10
419,1,120
420,1,120
421,1,120
422,1,120
423,1,120
424,1,120
425,1,120
426,1,120
427,1,120
428,1,10
429,1,73
430,1,10
431,1,50
432,1,120
433,1,120
434,1,120
435,1,120
436,1,120
437,1,120
438,1,120
439,1,120
440,1,120
441,1,120
442,1,120
443,1,120
444,1,120
445,1,120
446,1,120
447,1,120
448,1,120
449,1,120
450,1,120
451,1,120
452,1,120
453,1,120
454,1,120
455,1,120
456,1,15
457,1,120
458,1,65
459,1,120
460,1,120
461,1,120
462,1,65
463,1,120
464,1,120
465,1,120
466,1,65
467,1,120
468,1,120
469,1,23
470,1,120
471,1,120
472,1,120
473,1,63
474,1,120
475,1,30
476,1,120
477,1,50
478,1,120
479,1,65
480,1,120
481,1,10
482,1,120
483,1,120
484,1,120
485,1,120
486,1,120
487,1,120
488,1,120
489,1,120
490,1,120
491,1,120
492,1,111
493,1,120
494,1,10
495,1,120
496,1,120
497,1,120
498,1,120
499,1,120
500,1,55
501,1,120
502,1,120
503,1,120
504,1,120
505,1,120
506,1,120
507,1,120
508,1,120
509,1,120
510,1,120
511,1,120
512,1,120
513,1,120
514,1,120
515,1,120
516,1,40
517,1,50
518,1,40
519,1,30
520,1,45
521,1,55
522,1,40
523,1,25
524,1,40
525,1,75
526,1,40
527,1,65
528,1,50
529,1,40
530,1,45
531,1,45
532,1,10
533,1,10
534,1,10
535,1,120
536,1,55
0,2,120
1,2,10
2,2,10
3,2,10
4,2,120
5,2,120
6,2,10
7,2,10
8,2,25
9,2,10
10,2,10
11,2,10
12,2,10
13,2,10
14,2,10
15,2,10
16,2,120
17,2,120
18,2,120
19,2,120
20,2,25
21,2,120
22,2,120
23,2,120
24,2,120
25,2,120
26,2,40
27,2,30
28,2,55
29,2,10
30,2,10
31,2,10
32,2,120
33,2,10
34,2,10
35,2,120
36,2,120
37,2,10
38,2,10
39,2,10
40,2,120
41,2,120
42,2,10
43,2,10
44,2,10
45,2,10
46,2,10
47,2,10
48,2,40
49,2,15
50,2,15
51,2,15
52,2,55
53,2,120
54,2,120
55,2,120
56,2,120
57,2,30
58,2,15
59,2,10
60,2,30
61,2,30
62,2,30
63,2,30
64,2,30
65,2,30
66,2,30
67,2,30
68,2,30
69,2,30
70,2,120
71,2,120
72,2,120
73,2,10
74,2,15
75,2,25
76,2,10
77,2,120
78,2,120
79,2,120
80,2,120
81,2,120
82,2,120
83,2,30
84,2,25
85,2,55
86,2,56
87,2,40
88,2,10
89,2,84
90,2,10
91,2,111
92,2,70
93,2,88
94,2,25
95,2,120
96,2,30
97,2,30
98,2,100
99,2,15
100,2,50
101,2,55
102,2,30
103,2,40
104,2,70
105,2,80
106,2,80
107,2,75
108,2,90
109,2,45
110,2,70
111,2,70
112,2,25
113,2,30
114,2,15
115,2,55
116,2,120
117,2,120
118,2,55
119,2,30
120,2,25
121,2,40
122,2,40
123,2,40
124,2,40
125,2,58
126,2,40
127,2,40
128,2,55
129,2,55
130,2,55
131,2,55
132,2,40
133,2,55
134,2,55
135,2,55
136,2,30
137,2,35
138,2,45
139,2,55
140,2,55
141,2,30
142,2,120
143,2,10
144,2,65
145,2,35
146,2,45
147,2,15
148,2,10
149,2,10
150,2,15
151,2,10
152,2,72
153,2,10
154,2,30
155,2,50
156,2,50
157,2,120
158,2,78
159,2,40
160,2,48
161,2,65
162,2,88
163,2,74
164,2,40
165,2,120
166,2,10
167,2,10
168,2,75
169,2,73
170,2,62
171,2,70
172,2,50
173,2,120
174,2,60
175,2,10
176,2,120
177,2,35
178,2,65
179,2,25
180,2,25
181,2,10
182,2,53
183,2,15
184,2,73
185,2,65
186,2,10
187,2,10
188,2,10
189,2,10
190,2,10
191,2,100
192,2,23
193,2,30
194,2,105
195,2,45
196,2,45
197,2,10
198,2,10
199,2,80
200,2,50
201,2,80
202,2,120
203,2,10
204,2,45
205,2,62
206,2,62
207,2,10
208,2,10
209,2,10
210,2,70
211,2,93
212,2,10
213,2,23
214,2,53
215,2,10
216,2,30
217,2,15
218,2,120
219,2,113
220,2,25
221,2,120
222,2,33
223,2,90
224,2,53
225,2,55
226,2,53
227,2,65
228,2,50
229,2,40
230,2,25
231,2,38
232,2,25
233,2,45
234,2,40
235,2,55
236,2,38
237,2,45
238,2,40
239,2,45
240,2,25
241,2,57
242,2,30
243,2,120
244,2,120
245,2,120
246,2,120
247,2,120
248,2,120
249,2,50
250,2,120
251,2,15
252,2,55
253,2,25
254,2,55
255,2,53
256,2,116
257,2,40
258,2,50
259,2,10
260,2,60
261,2,75
262,2,50
263,2,15
264,2,30
265,2,73
266,2,25
267,2,77
268,2,25
269,2,15
270,2,15
271,2,90
272,2,10
273,2,10
274,2,10
275,2,10
276,2,120
277,2,10
278,2,50
279,2,50
280,2,10
281,2,116
282,2,50
283,2,95
284,2,10
285,2,25
286,2,50
287,2,10
288,2,100
289,2,30
290,2,120
291,2,120
292,2,38
293,2,80
294,2,65
295,2,55
296,2,25
297,2,55
298,2,65
299,2,50
300,2,116
301,2,50
302,2,25
303,2,55
304,2,75
305,2,10
306,2,53
307,2,25
308,2,45
309,2,66
310,2,68
311,2,70
312,2,23
313,2,55
314,2,64
315,2,44
316,2,10
317,2,120
318,2,10
319,2,120
320,2,120
321,2,120
322,2,120
323,2,120
324,2,40
325,2,40
326,2,50
327,2,40
328,2,40
329,2,40
330,2,50
331,2,50
332,2,10
333,2,15
334,2,120
335,2,120
336,2,120
337,2,120
338,2,120
339,2,40
340,2,120
341,2,25
342,2,40
343,2,10
344,2,40
345,2,65
346,2,25
347,2,25
348,2,15
349,2,10
350,2,120
351,2,120
352,2,90
353,2,10
354,2,40
355,2,50
356,2,58
357,2,40
358,2,50
359,2,10
360,2,120
361,2,120
362,2,120
363,2,58
364,2,58
365,2,30
366,2,120
367,2,95
368,2,10
369,2,10
370,2,10
371,2,55
372,2,30
373,2,10
374,2,15
375,2,55
376,2,25
377,2,40
378,2,120
379,2,120
380,2,15
381,2,120
382,2,120
383,2,120
384,2,120
385,2,25
386,2,10
387,2,10
388,2,32
389,2,120
390,2,120
391,2,120
392,2,120
393,2,30
394,2,120
395,2,120
396,2,120
397,2,120
398,2,120
399,2,120
400,2,120
401,2,25
402,2,25
403,2,120
404,2,10
405,2,120
406,2,45
407,2,120
408,2,120
409,2,120
410,2,120
411,2,120
412,2,120
413,2,120
414,2,10
415,2,120
416,2,120
417,2,120
418,2,10
419,2,120
420,2,120
421,2,120
422,2,120
423,2,120
424,2,120
425,2,120
426,2,120
427,2,120
428,2,10
429,2,73
430,2,10
431,2,50
432,2,120
433,2,120
434,2,120
435,2,120
436,2,120
437,2,120
438,2,120
439,2,120
440,2,120
441,2,120
442,2,120
443,2,120
444,2,120
445,2,120
446,2,120
447,2,120
448,2,120
449,2,120
450,2,120
451,2,120
452,2,120
453,2,120
454,2,120
455,2,120
456,2,15
457,2,120
458,2,65
459,2,120
460,2,120
461,2,120
462,2,65
463,2,120
464,2,120
465,2,120
466,2,65
467,2,120
468,2,120
469,2,23
470,2,120
471,2,120
472,2,120
473,2,63
474,2,120
475,2,30
476,2,120
477,2,50
478,2,120
479,2,65
480,2,120
481,2,10
482,2,120
483,2,120
484,2,120
485,2,120
486,2,120
487,2,120
488,2,120
489,2,120
490,2,120
491,2,120
492,2,111
493,2,120
494,2,10
495,2,120
496,2,120
497,2,120
498,2,120
499,2,120
500,2,55
501,2,120
502,2,120
503,2,120
504,2,120
505,2,120
506,2,120
507,2,120
508,2,120
509,2,120
510,2,120
511,2,120
512,2,120
513,2,120
514,2,120
515,2,120
516,2,40
517,2,50
518,2,40
519,2,30
520,2,45
521,2,55
522,2,40
523,2,25
524,2,40
525,2,75
526,2,40
527,2,65
528,2,50
529,2,40
530,2,45
531,2,45
532,2,10
533,2,10
534,2,10
535,2,120
536,2,55
0,3,120
1,3,10
2,3,10
3,3,10
4,3,120
5,3,120
6,3,10
7,3,10
8,3,25
9,3,10
10,3,10
11,3,10
12,3,10
13,3,10
14,3,10
15,3,10
16,3,120
17,3,120
18,3,120
19,3,120
20,3,25
21,3,120
22,3,120
23,3,120
24,3,120
25,3,120
26,3,40
27,3,30
28,3,55
29,3,10
30,3,10
31,3,10
32,3,120
33,3,10
34,3,10
35,3,120
36,3,120
37,3,10
38,3,10
39,3,10
40,3,120
41,3,120
42,3,10
43,3,10
44,3,10
45,3,10
46,3,10
47,3,10
48,3,40
49,3,15
50,3,15
51,3,15
52,3,55
53,3,120
54,3,120
55,3,120
56,3,120
57,3,30
58,3,15
59,3,10
60,3,30
61,3,30
62,3,30
63,3,30
64,3,30
65,3,30
66,3,30
67,3,30
68,3,30
69,3,30
70,3,120
71,3,120
72,3,120
73,3,10
74,3,15
75,3,25
76,3,10
77,3,120
78,3,120
79,3,120
80,3,120
81,3,120
82,3,120
83,3,30
84,3,25
85,3,55
86,3,56
87,3,40
88,3,10
89,3,84
90,3,10
91,3,111
92,3,70
93,3,88
94,3,25
95,3,120
96,3,30
97,3,30
98,3,100
99,3,15
100,3,50
101,3,55
102,3,30
103,3,40
104,3,70
105,3,80
106,3,80
107,3,75
108,3,90
109,3,45
110,3,70
111,3,70
112,3,25
113,3,30
114,3,15
115,3,55
116,3,120
117,3,120
118,3,55
119,3,30
120,3,25
121,3,40
122,3,40
123,3,40
124,3,40
125,3,58
126,3,40
127,3,40
128,3,55
129,3,55
130,3,55
131,3,55
132,3,40
133,3,55
134,3,55
135,3,55
136,3,30
137,3,35
138,3,45
139,3,55
140,3,55
141,3,30
142,3,120
143,3,10
144,3,65
145,3,35
146,3,45
147,3,15
148,3,10
149,3,10
150,3,15
151,3,10
152,3,72
153,3,10
154,3,30
155,3,50
156,3,50
157,3,120
158,3,78
159,3,40
160,3,48
161,3,65
162,3,88
163,3,74
164,3,40
165,3,120
166,3,10
167,3,10
168,3,75
169,3,73
170,3,62
171,3,70
172,3,50
173,3,120
174,3,60
175,3,10
176,3,120
177,3,35
178,3,65
179,3,25
180,3,25
181,3,10
182,3,53
183,3,15
184,3,73
185,3,65
186,3,10
187,3,10
188,3,10
189,3,10
190,3,10
191,3,100
192,3,23
193,3,30
194,3,105
195,3,45
196,3,45
197,3,10
198,3,10
199,3,80
200,3,50
201,3,80
202,3,120
203,3,10
204,3,45
205,3,62
206,3,62
207,3,10
208,3,10
209,3,10
210,3,70
211,3,93
212,3,10
213,3,23
214,3,53
215,3,10
216,3,30
217,3,15
218,3,120
219,3,113
220,3,25
221,3,120
222,3,33
223,3,90
224,3,53
225,3,55
226,3,53
227,3,65
228,3,50
229,3,40
230,3,25
231,3,38
232,3,25
233,3,45
234,3,40
235,3,55
236,3,38
237,3,45
238,3,40
239,3,45
240,3,25
241,3,57
242,3,30
243,3,120
244,3,120
245,3,120
246,3,120
247,3,120
248,3,120
249,3,50
250,3,120
251,3,15
252,3,55
253,3,25
254,3,55
255,3,53
256,3,116
257,3,40
258,3,50
259,3,10
260,3,60
261,3,75
262,3,50
263,3,15
264,3,30
265,3,73
266,3,25
267,3,77
268,3,25
269,3,15
270,3,15
271,3,90
272,3,10
273,3,10
274,3,10
275,3,10
276,3,120
277,3,10
278,3,50
279,3,50
280,3,10
281,3,116
282,3,50
283,3,95
284,3,10
285,3,25
286,3,50
287,3,10
288,3,100
289,3,30
290,3,120
291,3,120
292,3,38
293,3,80
294,3,65
295,3,55
296,3,25
297,3,55
298,3,65
299,3,50
300,3,116
301,3,50
302,3,25
303,3,55
304,3,75
305,3,10
306,3,53
307,3,25
308,3,45
309,3,66
310,3,68
311,3,70
312,3,23
313,3,55
314,3,64
315,3,44
316,3,10
317,3,120
318,3,10
319,3,120
320,3,120
321,3,120
322,3,120
323,3,120
324,3,40
325,3,40
326,3,50
327,3,40
328,3,40
329,3,40
330,3,50
331,3,50
332,3,10
333,3,15
334,3,120
335,3,120
336,3,120
337,3,120
338,3,120
339,3,40
340,3,120
341,3,25
342,3,40
343,3,10
344,3,40
345,3,65
346,3,25
347,3,25
348,3,15
349,3,10
350,3,120
351,3,120
352,3,90
353,3,10
354,3,40
355,3,50
356,3,58
357,3,40
358,3,50
359,3,10
360,3,120
361,3,120
362,3,120
363,3,58
364,3,58
365,3,30
366,3,120
367,3,95
368,3,10
369,3,10
370,3,10
371,3,55
372,3,30
373,3,10
374,3,15
375,3,55
376,3,25
377,3,40
378,3,120
379,3,120
380,3,15
381,3,120
382,3,120
383,3,120
384,3,120
385,3,25
386,3,10
387,3,10
388,3,32
389,3,120
390,3,120
391,3,120
392,3,120
393,3,30
394,3,120
395,3,120
396,3,120
397,3,120
398,3,120
399,3,120
400,3,120
401,3,25
402,3,25
403,3,120
404,3,10
405,3,120
406,3,45
407,3,120
408,3,120
409,3,120
410,3,120
411,3,120
412,3,120
413,3,120
414,3,10
415,3,120
416,3,120
417,3,120
418,3,10
419,3,120
420,3,120
421,3,120
422,3,120
423,3,120
424,3,120
425,3,120
426,3,120
427,3,120
428,3,10
429,3,73
430,3,10
431,3,50
432,3,120
433,3,120
434,3,120
435,3,120
436,3,120
437,3,120
438,3,120
439,3,120
440,3,120
441,3,120
442,3,120
443,3,120
444,3,120
445,3,120
446,3,120
447,3,120
448,3,120
449,3,120
450,3,120
451,3,120
452,3,120
453,3,120
454,3,120
455,3,120
456,3,15
457,3,120
458,3,65
459,3,120
460,3,120
461,3,120
462,3,65
463,3,120
464,3,120
465,3,120
466,3,65
467,3,120
468,3,120
469,3,23
470,3,120
471,3,120
472,3,120
473,3,63
474,3,120
475,3,30
476,3,120
477,3,50
478,3,120
479,3,65
480,3,120
481,3,10
482,3,120
483,3,120
484,3,120
485,3,120
486,3,120
487,3,120
488,3,120
489,3,120
490,3,120
491,3,120
492,3,111
493,3,120
494,3,10
495,3,120
496,3,120
497,3,120
498,3,120
499,3,120
500,3,55
501,3,120
502,3,120
503,3,120
504,3,120
505,3,120
506,3,120
507,3,120
508,3,120
509,3,120
510,3,120
511,3,120
512,3,120
513,3,120
514,3,120
515,3,120
516,3,40
517,3,50
518,3,40
519,3,30
520,3,45
521,3,55
522,3,40
523,3,25
524,3,40
525,3,75
526,3,40
527,3,65
528,3,50
529,3,40
530,3,45
531,3,45
532,3,10
533,3,10
534,3,10
535,3,120
536,3,55
0,4,120
1,4,10
2,4,10
3,4,10
4,4,120
5,4,120
6,4,10
7,4,10
8,4,25
9,4,10
10,4,10
11,4,10
12,4,10
13,4,10
14,4,10
15,4,10
16,4,120
17,4,120
18,4,120
19,4,120
20,4,25
21,4,120
22,4,120
23,4,120
24,4,120
25,4,120
26,4,40
27,4,30
28,4,55
29,4,10
30,4,10
31,4,10
32,4,120
33,4,10
34,4,10
35,4,120
36,4,120
37,4,10
38,4,10
39,4,10
40,4,120
41,4,120
42,4,10
43,4,10
44,4,10
45,4,10
46,4,10
47,4,10
48,4,40
49,4,15
50,4,15
51,4,15
52,4,55
53,4,120
54,4,120
55,4,120
56,4,120
57,4,30
58,4,15
59,4,10
60,4,30
61,4,30
62,4,30
63,4,30
64,4,30
65,4,30
66,4,30
67,4,30
68,4,30
69,4,30
70,4,120
71,4,120
72,4,120
73,4,10
74,4,15
75,4,25
76,4,10
77,4,120
78,4,120
79,4,120
80,4,120
81,4,120
82,4,120
83,4,30
84,4,25
85,4,55
86,4,56
87,4,40
88,4,10
89,4,84
90,4,10
91,4,111
92,4,70
93,4,88
94,4,25
95,4,120
96,4,30
97,4,30
98,4,100
99,4,15
100,4,50
101,4,55
102,4,30
103,4,40
104,4,70
105,4,80
106,4,80
107,4,75
108,4,90
109,4,45
110,4,70
111,4,70
112,4,25
113,4,30
114,4,15
115,4,55
116,4,120
117,4,120
118,4,55
119,4,30
120,4,25
121,4,40
122,4,40
123,4,40
124,4,40
125,4,58
126,4,40
127,4,40
128,4,55
129,4,55
130,4,55
131,4,55
132,4,40
133,4,55
134,4,55
135,4,55
136,4,30
137,4,35
138,4,45
139,4,55
140,4,55
141,4,30
142,4,120
143,4,10
144,4,65
145,4,35
146,4,45
147,4,15
148,4,10
149,4,10
150,4,15
151,4,10
152,4,72
153,4,10
154,4,30
155,4,50
156,4,50
157,4,120
158,4,78
159,4,40
160,4,48
161,4,65
162,4,88
163,4,74
164,4,40
165,4,120
166,4,10
167,4,10
168,4,75
169,4,73
170,4,62
171,4,70
172,4,50
173,4,120
174,4,60
175,4,10
176,4,120
177,4,35
178,4,65
179,4,25
180,4,25
181,4,10
182,4,53
183,4,15
184,4,73
185,4,65
186,4,10
187,4,10
188,4,10
189,4,10
190,4,10
191,4,100
192,4,23
193,4,30
194,4,105
195,4,45
196,4,45
197,4,10
198,4,10
199,4,80
200,4,50
201,4,80
202,4,120
203,4,10
204,4,45
205,4,62
206,4,62
207,4,10
208,4,10
209,4,10
210,4,70
211,4,93
212,4,10
213,4,23
214,4,53
215,4,10
216,4,30
217,4,15
218,4,120
219,4,113
220,4,25
221,4,120
222,4,33
223,4,90
224,4,53
225,4,55
226,4,53
227,4,65
228,4,50
229,4,40
230,4,25
231,4,38
232,4,25
233,4,45
234,4,40
235,4,55
236,4,38
237,4,45
238,4,40
239,4,45
240,4,25
241,4,57
242,4,30
243,4,120
244,4,120
245,4,120
246,4,120
247,4,120
248,4,120
249,4,50
250,4,120
251,4,15
252,4,55
253,4,25
254,4,55
255,4,53
256,4,116
257,4,40
258,4,50
259,4,10
260,4,60
261,4,75
262,4,50
263,4,15
264,4,30
265,4,73
266,4,25
267,4,77
268,4,25
269,4,15
270,4,15
271,4,90
272,4,10
273,4,10
274,4,10
275,4,10
276,4,120
277,4,10
278,4,50
279,4,50
280,4,10
281,4,116
282,4,50
283,4,95
284,4,10
285,4,25
286,4,50
287,4,10
288,4,100
289,4,30
290,4,120
291,4,120
292,4,38
293,4,80
294,4,65
295,4,55
296,4,25
297,4,55
298,4,65
299,4,50
300,4,116
301,4,50
302,4,25
303,4,55
304,4,75
305,4,10
306,4,53
307,4,25
308,4,45
309,4,66
310,4,68
311,4,70
312,4,23
313,4,55
314,4,64
315,4,44
316,4,10
317,4,120
318,4,10
319,4,120
320,4,120
321,4,120
322,4,120
323,4,120
324,4,40
325,4,40
326,4,50
327,4,40
328,4,40
329,4,40
330,4,50
331,4,50
332,4,10
333,4,15
334,4,120
335,4,120
336,4,120
337,4,120
338,4,120
339,4,40
340,4,120
341,4,25
342,4,40
343,4,10
344,4,40
345,4,65
346,4,25
347,4,25
348,4,15
349,4,10
350,4,120
351,4,120
352,4,90
353,4,10
354,4,40
355,4,50
356,4,58
357,4,40
358,4,50
359,4,10
360,4,120
361,4,120
362,4,120
363,4,58
364,4,58
365,4,30
366,4,120
367,4,95
368,4,10
369,4,10
370,4,10
371,4,55
372,4,30
373,4,10
374,4,15
375,4,55
376,4,25
377,4,40
378,4,120
379,4,120
380,4,15
381,4,120
382,4,120
383,4,120
384,4,120
385,4,25
386,4,10
387,4,10
388,4,32
389,4,120
390,4,120
391,4,120
392,4,120
393,4,30
394,4,120
395,4,120
396,4,120
397,4,120
398,4,120
399,4,120
400,4,120
401,4,25
402,4,25
403,4,120
404,4,10
405,4,120
406,4,45
407,4,120
408,4,120
409,4,120
410,4,120
411,4,120
412,4,120
413,4,120
414,4,10
415,4,120
416,4,120
417,4,120
418,4,10
419,4,120
420,4,120
421,4,120
422,4,120
423,4,120
424,4,120
425,4,120
426,4,120
427,4,120
428,4,10
429,4,73
430,4,10
431,4,50
432,4,120
433,4,120
434,4,120
435,4,120
436,4,120
437,4,120
438,4,120
439,4,120
440,4,120
441,4,120
442,4,120
443,4,120
444,4,120
445,4,120
446,4,120
447,4,120
448,4,120
449,4,120
450,4,120
451,4,120
452,4,120
453,4,120
454,4,120
455,4,120
456,4,15
457,4,120
458,4,65
459,4,120
460,4,120
461,4,120
462,4,65
463,4,120
464,4,120
465,4,120
466,4,65
467,4,120
468,4,120
469,4,23
470,4,120
471,4,120
472,4,120
473,4,63
474,4,120
475,4,30
476,4,120
477,4,50
478,4,120
479,4,65
480,4,120
481,4,10
482,4,120
483,4,120
484,4,120
485,4,120
486,4,120
487,4,120
488,4,120
489,4,120
490,4,120
491,4,120
492,4,111
493,4,120
494,4,10
495,4,120
496,4,120
497,4,120
498,4,120
499,4,120
500,4,55
501,4,120
502,4,120
503,4,120
504,4,120
505,4,120
506,4,120
507,4,120
508,4,120
509,4,120
510,4,120
511,4,120
512,4,120
513,4,120
514,4,120
515,4,120
516,4,40
517,4,50
518,4,40
519,4,30
520,4,45
521,4,55
522,4,40
523,4,25
524,4,40
525,4,75
526,4,40
527,4,65
528,4,50
529,4,40
530,4,45
531,4,45
532,4,10
533,4,10
534,4,10
535,4,120
536,4,55
0,5,120
1,5,10
2,5,10
3,5,10
4,5,120
5,5,120
6,5,10
7,5,10
8,5,25
9,5,10
10,5,10
11,5,10
12,5,10
13,5,10
14,5,10
15,5,10
16,5,120
17,5,120
18,5,120
19,5,120
20,5,25
21,5,120
22,5,120
23,5,120
24,5,120
25,5,120
26,5,40
27,5,30
28,5,55
29,5,10
30,5,10
31,5,10
32,5,120
33,5,10
34,5,10
35,5,120
36,5,120
37,5,10
38,5,10
39,5,10
40,5,120
41,5,120
42,5,10
43,5,10
44,5,10
45,5,10
46,5,10
47,5,10
48,5,40
49,5,15
50,5,15
51,5,15
52,5,55
53,5,120
54,5,120
55,5,120
56,5,120
57,5,30
58,5,15
59,5,10
60,5,30
61,5,30
62,5,30
63,5,30
64,5,30
65,5,30
66,5,30
67,5,30
68,5,30
69,5,30
70,5,120
71,5,120
72,5,120
73,5,10
74,5,15
75,5,25
76,5,10
77,5,120
78,5,120
79,5,120
80,5,120
81,5,120
82,5,120
83,5,30
84,5,25
85,5,55
86,5,56
87,5,40
88,5,10
89,5,84
90,5,10
91,5,111
92,5,70
93,5,88
94,5,25
95,5,120
96,5,30
97,5,30
98,5,100
99,5,15
100,5,50
101,5,55
102,5,30
103,5,40
104,5,70
105,5,80
106,5,80
107,5,75
108,5,90
109,5,45
110,5,70
111,5,70
112,5,25
113,5,30
114,5,15
115,5,55
116,5,120
117,5,120
118,5,55
119,5,30
120,5,25
121,5,40
122,5,40
123,5,40
124,5,40
125,5,58
126,5,40
127,5,40
128,5,55
129,5,55
130,5,55
131,5,55
132,5,40
133,5,55
134,5,55
135,5,55
136,5,30
137,5,35
138,5,45
139,5,55
140,5,55
141,5,30
142,5,120
143,5,10
144,5,65
145,5,35
146,5,45
147,5,15
148,5,10
149,5,10
150,5,15
151,5,10
152,5,72
153,5,10
154,5,30
155,5,50
156,5,50
157,5,120
158,5,78
159,5,40
160,5,48
161,5,65
162,5,88
163,5,74
164,5,40
165,5,120
166,5,10
167,5,10
168,5,75
169,5,73
170,5,62
171,5,70
172,5,50
173,5,120
174,5,60
175,5,10
176,5,120
177,5,35
178,5,65
179,5,25
180,5,25
181,5,10
182,5,53
183,5,15
184,5,73
185,5,65
186,5,10
187,5,10
188,5,10
189,5,10
190,5,10
191,5,100
192,5,23
193,5,30
194,5,105
195,5,45
196,5,45
197,5,10
198,5,10
199,5,80
200,5,50
201,5,80
202,5,120
203,5,10
204,5,45
205,5,62
206,5,62
207,5,10
208,5,10
209,5,10
210,5,70
211,5,93
212,5,10
213,5,23
214,5,53
215,5,10
216,5,30
217,5,15
218,5,120
219,5,113
220,5,25
221,5,120
222,5,33
223,5,90
224,5,53
225,5,55
226,5,53
227,5,65
228,5,50
229,5,40
230,5,25
231,5,38
232,5,25
233,5,45
234,5,40
235,5,55
236,5,38
237,5,45
238,5,40
239,5,45
240,5,25
241,5,57
242,5,30
243,5,120
244,5,120
245,5,120
246,5,120
247,5,120
248,5,120
249,5,50
250,5,120
251,5,15
252,5,55
253,5,25
254,5,55
255,5,53
256,5,116
257,5,40
258,5,50
259,5,10
260,5,60
261,5,75
262,5,50
263,5,15
264,5,30
265,5,73
266,5,25
267,5,77
268,5,25
269,5,15
270,5,15
271,5,90
272,5,10
273,5,10
274,5,10
275,5,10
276,5,120
277,5,10
278,5,50
279,5,50
280,5,10
281,5,116
282,5,50
283,5,95
284,5,10
285,5,25
286,5,50
287,5,10
288,5,100
289,5,30
290,5,120
291,5,120
292,5,38
293,5,80
294,5,65
295,5,55
296,5,25
297,5,55
298,5,65
299,5,50
300,5,116
301,5,50
302,5,25
303,5,55
304,5,75
305,5,10
306,5,53
307,5,25
308,5,45
309,5,66
310,5,68
311,5,70
312,5,23
313,5,55
314,5,64
315,5,44
316,5,10
317,5,120
318,5,10
319,5,120
320,5,120
321,5,120
322,5,120
323,5,120
324,5,40
325,5,40
326,5,50
327,5,40
328,5,40
329,5,40
330,5,50
331,5,50
332,5,10
333,5,15
334,5,120
335,5,120
336,5,120
337,5,120
338,5,120
339,5,40
340,5,120
341,5,25
342,5,40
343,5,10
344,5,40
345,5,65
346,5,25
347,5,25
348,5,15
349,5,10
350,5,120
351,5,120
352,5,90
353,5,10
354,5,40
355,5,50
356,5,58
357,5,40
358,5,50
359,5,10
360,5,120
361,5,120
362,5,120
363,5,58
364,5,58
365,5,30
366,5,120
367,5,95
368,5,10
369,5,10
370,5,10
371,5,55
372,5,30
373,5,10
374,5,15
375,5,55
376,5,25
377,5,40
378,5,120
379,5,120
380,5,15
381,5,120
382,5,120
383,5,120
384,5,120
385,5,25
386,5,10
387,5,10
388,5,32
389,5,120
390,5,120
391,5,120
392,5,120
393,5,30
394,5,120
395,5,120
396,5,120
397,5,120
398,5,120
399,5,120
400,5,120
401,5,25
402,5,25
403,5,120
404,5,10
405,5,120
406,5,45
407,5,120
408,5,120
409,5,120
410,5,120
411,5,120
412,5,120
413,5,120
414,5,10
415,5,120
416,5,120
417,5,120
418,5,10
419,5,120
420,5,120
421,5,120
422,5,120
423,5,120
424,5,120
425,5,120
426,5,120
427,5,120
428,5,10
429,5,73
430,5,10
431,5,50
432,5,120
433,5,120
434,5,120
435,5,120
436,5,120
437,5,120
438,5,120
439,5,120
440,5,120
441,5,120
442,5,120
443,5,120
444,5,120
445,5,120
446,5,120
447,5,120
448,5,120
449,5,120
450,5,120
451,5,120
452,5,120
453,5,120
454,5,120
455,5,120
456,5,15
457,5,120
458,5,65
459,5,120
460,5,120
461,5,120
462,5,65
463,5,120
464,5,120
465,5,120
466,5,65
467,5,120
468,5,120
469,5,23
470,5,120
471,5,120
472,5,120
473,5,63
474,5,120
475,5,30
476,5,120
477,5,50
478,5,120
479,5,65
480,5,120
481,5,10
482,5,120
483,5,120
484,5,120
485,5,120
486,5,120
487,5,120
488,5,120
489,5,120
490,5,120
491,5,120
492,5,111
493,5,120
494,5,10
495,5,120
496,5,120
497,5,120
498,5,120
499,5,120
500,5,55
501,5,120
502,5,120
503,5,120
504,5,120
505,5,120
506,5,120
507,5,120
508,5,120
509,5,120
510,5,120
511,5,120
512,5,120
513,5,120
514,5,120
515,5,120
516,5,40
517,5,50
518,5,40
519,5,30
520,5,45
521,5,55
522,5,40
523,5,25
524,5,40
525,5,75
526,5,40
527,5,65
528,5,50
529,5,40
530,5,45
531,5,45
532,5,10
533,5,10
534,5,10
535,5,120
536,5,55
0,6,120
1,6,20
2,6,20
3,6,20
4,6,120
5,6,120
6,6,20
7,6,20
8,6,25
9,6,20
10,6,20
11,6,20
12,6,20
13,6,20
14,6,20
15,6,20
16,6,120
17,6,120
18,6,120
19,6,120
20,6,25
21,6,120
22,6,120
23,6,120
24,6,120
25,6,120
26,6,40
27,6,30
28,6,55
29,6,20
30,6,20
31,6,20
32,6,120
33,6,20
34,6,20
35,6,120
36,6,120
37,6,20
38,6,20
39,6,20
40,6,120
41,6,120
42,6,20
43,6,20
44,6,20
45,6,20
46,6,20
47,6,20
48,6,40
49,6,20
50,6,20
51,6,20
52,6,55
53,6,120
54,6,120
55,6,120
56,6,120
57,6,30
58,6,20
59,6,20
60,6,30
61,6,30
62,6,30
63,6,30
64,6,30
65,6,30
66,6,30
67,6,30
68,6,30
69,6,30
70,6,120
71,6,120
72,6,120
73,6,20
74,6,20
75,6,25
76,6,20
77,6,120
78,6,120
79,6,120
80,6,120
81,6,120
82,6,120
83,6,30
84,6,25
85,6,55
86,6,56
87,6,40
88,6,20
89,6,84
90,6,20
91,6,111
92,6,70
93,6,88
94,6,25
95,6,120
96,6,30
97,6,30
98,6,100
99,6,20
100,6,50
101,6,55
102,6,30
103,6,40
104,6,70
105,6,80
106,6,80
107,6,75
108,6,90
109,6,45
110,6,70
111,6,70
112,6,25
113,6,30
114,6,20
115,6,55
116,6,120
117,6,120
118,6,55
119,6,30
120,6,25
121,6,40
122,6,40
123,6,40
124,6,40
125,6,58
126,6,40
127,6,40
128,6,55
129,6,55
130,6,55
131,6,55
132,6,40
133,6,55
134,6,55
135,6,55
136,6,30
137,6,35
138,6,45
139,6,55
140,6,55
141,6,30
142,6,120
143,6,20
144,6,65
145,6,35
146,6,45
147,6,20
148,6,20
149,6,20
150,6,20
151,6,20
152,6,72
153,6,20
154,6,30
155,6,50
156,6,50
157,6,120
158,6,78
159,6,40
160,6,48
161,6,65
162,6,88
163,6,74
164,6,40
165,6,120
166,6,20
167,6,20
168,6,75
169,6,73
170,6,62
171,6,70
172,6,50
173,6,120
174,6,60
175,6,20
176,6,120
177,6,35
178,6,65
179,6,25
180,6,25
181,6,20
182,6,53
183,6,20
184,6,73
185,6,65
186,6,20
187,6,20
188,6,20
189,6,20
190,6,20
191,6,100
192,6,23
193,6,30
194,6,105
195,6,45
196,6,45
197,6,20
198,6,20
199,6,80
200,6,50
201,6,80
202,6,120
203,6,20
204,6,45
205,6,62
206,6,62
207,6,20
208,6,20
209,6,20
210,6,70
211,6,93
212,6,20
213,6,23
214,6,53
215,6,20
216,6,30
217,6,20
218,6,120
219,6,113
220,6,25
221,6,120
222,6,33
223,6,90
224,6,53
225,6,55
226,6,53
227,6,65
228,6,50
229,6,40
230,6,25
231,6,38
232,6,25
233,6,45
234,6,40
235,6,55
236,6,38
237,6,45
238,6,40
239,6,45
240,6,25
241,6,57
242,6,30
243,6,120
244,6,120
245,6,120
246,6,120
247,6,120
248,6,120
249,6,50
250,6,120
251,6,20
252,6,55
253,6,25
254,6,55
255,6,53
256,6,116
257,6,40
258,6,50
259,6,20
260,6,60
261,6,75
262,6,50
263,6,20
264,6,30
265,6,73
266,6,25
267,6,77
268,6,25
269,6,20
270,6,20
271,6,90
272,6,20
273,6,20
274,6,20
275,6,20
276,6,120
277,6,20
278,6,50
279,6,50
280,6,20
281,6,116
282,6,50
283,6,95
284,6,20
285,6,25
286,6,50
287,6,20
288,6,100
289,6,30
290,6,120
291,6,120
292,6,38
293,6,80
294,6,65
295,6,55
296,6,25
297,6,55
298,6,65
299,6,50
300,6,116
301,6,50
302,6,25
303,6,55
304,6,75
305,6,20
306,6,53
307,6,25
308,6,45
309,6,66
310,6,68
311,6,70
312,6,23
313,6,55
314,6,64
315,6,44
316,6,20
317,6,120
318,6,20
319,6,120
320,6,120
321,6,120
322,6,120
323,6,120
324,6,40
325,6,40
326,6,50
327,6,40
328,6,40
329,6,40
330,6,50
331,6,50
332,6,20
333,6,20
334,6,120
335,6,120
336,6,120
337,6,120
338,6,120
339,6,40
340,6,120
341,6,25
342,6,40
343,6,20
344,6,40
345,6,65
346,6,25
347,6,25
348,6,20
349,6,20
350,6,120
351,6,120
352,6,90
353,6,20
354,6,40
355,6,50
356,6,58
357,6,40
358,6,50
359,6,20
360,6,120
361,6,120
362,6,120
363,6,58
364,6,58
365,6,30
366,6,120
367,6,95
368,6,20
369,6,20
370,6,20
371,6,55
372,6,30
373,6,20
374,6,20
375,6,55
376,6,25
377,6,40
378,6,120
379,6,120
380,6,20
381,6,120
382,6,120
383,6,120
384,6,120
385,6,25
386,6,20
387,6,20
388,6,32
389,6,120
390,6,120
391,6,120
392,6,120
393,6,30
394,6,120
395,6,120
396,6,120
397,6,120
398,6,120
399,6,120
400,6,120
401,6,25
402,6,25
403,6,120
404,6,20
405,6,120
406,6,45
407,6,120
408,6,120
409,6,120
410,6,120
411,6,120
412,6,120
413,6,120
414,6,20
415,6,120
416,6,120
417,6,120
418,6,20
419,6,120
420,6,120
421,6,120
422,6,120
423,6,120
424,6,120
425,6,120
426,6,120
427,6,120
428,6,20
429,6,73
430,6,20
431,6,50
432,6,120
433,6,120
434,6,120
435,6,120
436,6,120
437,6,120
438,6,120
439,6,120
440,6,120
441,6,120
442,6,120
443,6,120
444,6,120
445,6,120
446,6,120
447,6,120
448,6,120
449,6,120
450,6,120
451,6,120
452,6,120
453,6,120
454,6,120
455,6,120
456,6,20
457,6,120
458,6,65
459,6,120
460,6,120
461,6,120
462,6,65
463,6,120
464,6,120
465,6,120
466,6,65
467,6,120
468,6,120
469,6,23
470,6,120
471,6,120
472,6,120
473,6,63
474,6,120
475,6,30
476,6,120
477,6,50
478,6,120
479,6,65
480,6,120
481,6,20
482,6,120
483,6,120
484,6,120
485,6,120
486,6,120
487,6,120
488,6,120
489,6,120
490,6,120
491,6,120
492,6,111
493,6,120
494,6,20
495,6,120
496,6,120
497,6,120
498,6,120
499,6,120
500,6,55
501,6,120
502,6,120
503,6,120
504,6,120
505,6,120
506,6,120
507,6,120
508,6,120
509,6,120
510,6,120
511,6,120
512,6,120
513,6,120
514,6,120
515,6,120
516,6,40
517,6,50
518,6,40
519,6,30
520,6,45
521,6,55
522,6,40
523,6,25
524,6,40
525,6,75
526,6,40
527,6,65
528,6,50
529,6,40
530,6,45
531,6,45
532,6,20
533,6,20
534,6,20
535,6,120
536,6,55
0,7,120
1,7,20
2,7,20
3,7,20
4,7,120
5,7,120
6,7,20
7,7,20
8,7,25
9,7,20
10,7,20
11,7,20
12,7,20
13,7,20
14,7,20
15,7,20
16,7,120
17,7,120
18,7,120
19,7,120
20,7,25
21,7,120
22,7,120
23,7,120
24,7,120
25,7,120
26,7,40
27,7,30
28,7,55
29,7,20
30,7,20
31,7,20
32,7,120
33,7,20
34,7,20
35,7,120
36,7,120
37,7,20
38,7,20
39,7,20
40,7,120
41,7,120
42,7,20
43,7,20
44,7,20
45,7,20
46,7,20
47,7,20
48,7,40
49,7,20
50,7,20
51,7,20
52,7,55
53,7,120
54,7,120
55,7,120
56,7,120
57,7,30
58,7,20
59,7,20
60,7,30
61,7,30
62,7,30
63,7,30
64,7,30
65,7,30
66,7,30
67,7,30
68,7,30
69,7,30
70,7,120
71,7,120
72,7,120
73,7,20
74,7,20
75,7,25
76,7,20
77,7,120
78,7,120
79,7,120
80,7,120
81,7,120
82,7,120
83,7,30
84,7,25
85,7,55
86,7,56
87,7,40
88,7,20
89,7,84
90,7,20
91,7,111
92,7,70
93,7,88
94,7,25
95,7,120
96,7,30
97,7,30
98,7,100
99,7,20
100,7,50
101,7,55
102,7,30
103,7,40
104,7,70
105,7,80
106,7,80
107,7,75
108,7,90
109,7,45
110,7,70
111,7,70
112,7,25
113,7,30
114,7,20
115,7,55
116,7,120
117,7,120
118,7,55
119,7,30
120,7,25
121,7,40
122,7,40
123,7,40
124,7,40
125,7,58
126,7,40
127,7,40
128,7,55
129,7,55
130,7,55
131,7,55
132,7,40
133,7,55
134,7,55
135,7,55
136,7,30
137,7,35
138,7,45
139,7,55
140,7,55
141,7,30
142,7,120
143,7,20
144,7,65
145,7,35
146,7,45
147,7,20
148,7,20
149,7,20
150,7,20
151,7,20
152,7,72
153,7,20
154,7,30
155,7,50
156,7,50
157,7,120
158,7,78
159,7,40
160,7,48
161,7,65
162,7,88
163,7,74
164,7,40
165,7,120
166,7,20
167,7,20
168,7,75
169,7,73
170,7,62
171,7,70
172,7,50
173,7,120
174,7,60
175,7,20
176,7,120
177,7,35
178,7,65
179,7,25
180,7,25
181,7,20
182,7,53
183,7,20
184,7,73
185,7,65
186,7,20
187,7,20
188,7,20
189,7,20
190,7,20
191,7,100
192,7,23
193,7,30
194,7,105
195,7,45
196,7,45
197,7,20
198,7,20
199,7,80
200,7,50
201,7,80
202,7,120
203,7,20
204,7,45
205,7,62
206,7,62
207,7,20
208,7,20
209,7,20
210,7,70
211,7,93
212,7,20
213,7,23
214,7,53
215,7,20
216,7,30
217,7,20
218,7,120
219,7,113
220,7,25
221,7,120
222,7,33
223,7,90
224,7,53
225,7,55
226,7,53
227,7,65
228,7,50
229,7,40
230,7,25
231,7,38
232,7,25
233,7,45
234,7,40
235,7,55
236,7,38
237,7,45
238,7,40
239,7,45
240,7,25
241,7,57
242,7,30
243,7,120
244,7,120
245,7,120
246,7,120
247,7,120
248,7,120
249,7,50
250,7,120
251,7,20
252,7,55
253,7,25
254,7,55
255,7,53
256,7,116
257,7,40
258,7,50
259,7,20
260,7,60
261,7,75
262,7,50
263,7,20
264,7,30
265,7,73
266,7,25
267,7,77
268,7,25
269,7,20
270,7,20
271,7,90
272,7,20
273,7,20
274,7,20
275,7,20
276,7,120
277,7,20
278,7,50
279,7,50
280,7,20
281,7,116
282,7,50
283,7,95
284,7,20
285,7,25
286,7,50
287,7,20
288,7,100
289,7,30
290,7,120
291,7,120
292,7,38
293,7,80
294,7,65
295,7,55
296,7,25
297,7,55
298,7,65
299,7,50
300,7,116
301,7,50
302,7,25
303,7,55
304,7,75
305,7,20
306,7,53
307,7,25
308,7,45
309,7,66
310,7,68
311,7,70
312,7,23
313,7,55
314,7,64
315,7,44
316,7,20
317,7,120
318,7,20
319,7,120
320,7,120
321,7,120
322,7,120
323,7,120
324,7,40
325,7,40
326,7,50
327,7,40
328,7,40
329,7,40
330,7,50
331,7,50
332,7,20
333,7,20
334,7,120
335,7,120
336,7,120
337,7,120
338,7,120
339,7,40
340,7,120
341,7,25
342,7,40
343,7,20
344,7,40
345,7,65
346,7,25
347,7,25
348,7,20
349,7,20
350,7,120
351,7,120
352,7,90
353,7,20
354,7,40
355,7,50
356,7,58
357,7,40
358,7,50
359,7,20
360,7,120
361,7,120
362,7,120
363,7,58
364,7,58
365,7,30
366,7,120
367,7,95
368,7,20
369,7,20
370,7,20
371,7,55
372,7,30
373,7,20
374,7,20
375,7,55
376,7,25
377,7,40
378,7,120
379,7,120
380,7,20
381,7,120
382,7,120
383,7,120
384,7,120
385,7,25
386,7,20
387,7,20
388,7,32
389,7,120
390,7,120
391,7,120
392,7,120
393,7,30
394,7,120
395,7,120
396,7,120
397,7,120
398,7,120
399,7,120
400,7,120
401,7,25
402,7,25
403,7,120
404,7,20
405,7,120
406,7,45
407,7,120
408,7,120
409,7,120
410,7,120
411,7,120
412,7,120
413,7,120
414,7,20
415,7,120
416,7,120
417,7,120
418,7,20
419,7,120
420,7,120
421,7,120
422,7,120
423,7,120
424,7,120
425,7,120
426,7,120
427,7,120
428,7,20
429,7,73
430,7,20
431,7,50
432,7,120
433,7,120
434,7,120
435,7,120
436,7,120
437,7,120
438,7,120
439,7,120
440,7,120
441,7,120
442,7,120
443,7,120
444,7,120
445,7,120
446,7,120
447,7,120
448,7,120
449,7,120
450,7,120
451,7,120
452,7,120
453,7,120
454,7,120
455,7,120
456,7,20
457,7,120
458,7,65
459,7,120
460,7,120
461,7,120
462,7,65
463,7,120
464,7,120
465,7,120
466,7,65
467,7,120
468,7,120
469,7,23
470,7,120
471,7,120
472,7,120
473,7,63
474,7,120
475,7,30
476,7,120
477,7,50
478,7,120
479,7,65
480,7,120
481,7,20
482,7,120
483,7,120
484,7,120
485,7,120
486,7,120
487,7,120
488,7,120
489,7,120
490,7,120
491,7,120
492,7,111
493,7,120
494,7,20
495,7,120
496,7,120
497,7,120
498,7,120
499,7,120
500,7,55
501,7,120
502,7,120
503,7,120
504,7,120
505,7,120
506,7,120
507,7,120
508,7,120
509,7,120
510,7,120
511,7,120
512,7,120
513,7,120
514,7,120
515,7,120
516,7,40
517,7,50
518,7,40
519,7,30
520,7,45
521,7,55
522,7,40
523,7,25
524,7,40
525,7,75
526,7,40
527,7,65
528,7,50
529,7,40
530,7,45
531,7,45
532,7,20
533,7,20
534,7,20
535,7,120
536,7,55
0,8,120
1,8,20
2,8,20
3,8,20
4,8,120
5,8,120
6,8,20
7,8,20
8,8,25
9,8,20
10,8,20
11,8,20
12,8,20
13,8,20
14,8,20
15,8,20
16,8,120
17,8,120
18,8,120
19,8,120
20,8,25
21,8,120
22,8,120
23,8,120
24,8,120
25,8,120
26,8,40
27,8,30
28,8,55
29,8,20
30,8,20
31,8,20
32,8,120
33,8,20
34,8,20
35,8,120
36,8,120
37,8,20
38,8,20
39,8,20
40,8,120
41,8,120
42,8,20
43,8,20
44,8,20
45,8,20
46,8,20
47,8,20
48,8,40
49,8,20
50,8,20
51,8,20
52,8,55
53,8,120
54,8,120
55,8,120
56,8,120
57,8,30
58,8,20
59,8,20
60,8,30
61,8,30
62,8,30
63,8,30
64,8,30
65,8,30
66,8,30
67,8,30
68,8,30
69,8,30
70,8,120
71,8,120
72,8,120
73,8,20
74,8,20
75,8,25
76,8,20
77,8,120
78,8,120
79,8,120
80,8,120
81,8,120
82,8,120
83,8,30
84,8,25
85,8,55
86,8,56
87,8,40
88,8,20
89,8,84
90,8,20
91,8,111
92,8,70
93,8,88
94,8,25
95,8,120
96,8,30
97,8,30
98,8,100
99,8,20
100,8,50
101,8,55
102,8,30
103,8,40
104,8,70
105,8,80
106,8,80
107,8,75
108,8,90
109,8,45
110,8,70
111,8,70
112,8,25
113,8,30
114,8,20
115,8,55
116,8,120
117,8,120
118,8,55
119,8,30
120,8,25
121,8,40
122,8,40
123,8,40
124,8,40
125,8,58
126,8,40
127,8,40
128,8,55
129,8,55
130,8,55
131,8,55
132,8,40
133,8,55
134,8,55
135,8,55
136,8,30
137,8,35
138,8,45
139,8,55
140,8,55
141,8,30
142,8,120
143,8,20
144,8,65
145,8,35
146,8,45
147,8,20
148,8,20
149,8,20
150,8,20
151,8,20
152,8,72
153,8,20
154,8,30
155,8,50
156,8,50
157,8,120
158,8,78
159,8,40
160,8,48
161,8,65
162,8,88
163,8,74
164,8,40
165,8,120
166,8,20
167,8,20
168,8,75
169,8,73
170,8,62
171,8,70
172,8,50
173,8,120
174,8,60
175,8,20
176,8,120
177,8,35
178,8,65
179,8,25
180,8,25
181,8,20
182,8,53
183,8,20
184,8,73
185,8,65
186,8,20
187,8,20
188,8,20
189,8,20
190,8,20
191,8,100
192,8,23
193,8,30
194,8,105
195,8,45
196,8,45
197,8,20
198,8,20
199,8,80
200,8,50
201,8,80
202,8,120
203,8,20
204,8,45
205,8,62
206,8,62
207,8,20
208,8,20
209,8,20
210,8,70
211,8,93
212,8,20
213,8,23
214,8,53
215,8,20
216,8,30
217,8,20
218,8,120
219,8,113
220,8,25
221,8,120
222,8,33
223,8,90
224,8,53
225,8,55
226,8,53
227,8,65
228,8,50
229,8,40
230,8,25
231,8,38
232,8,25
233,8,45
234,8,40
235,8,55
236,8,38
237,8,45
238,8,40
239,8,45
240,8,25
241,8,57
242,8,30
243,8,120
244,8,120
245,8,120
246,8,120
247,8,120
248,8,120
249,8,50
250,8,120
251,8,20
252,8,55
253,8,25
254,8,55
255,8,53
256,8,116
257,8,40
258,8,50
259,8,20
260,8,60
261,8,75
262,8,50
263,8,20
264,8,30
265,8,73
266,8,25
267,8,77
268,8,25
269,8,20
270,8,20
271,8,90
272,8,20
273,8,20
274,8,20
275,8,20
276,8,120
277,8,20
278,8,50
279,8,50
280,8,20
281,8,116
282,8,50
283,8,95
284,8,20
285,8,25
286,8,50
287,8,20
288,8,100
289,8,30
290,8,120
291,8,120
292,8,38
293,8,80
294,8,65
295,8,55
296,8,25
297,8,55
298,8,65
299,8,50
300,8,116
301,8,50
302,8,25
303,8,55
304,8,75
305,8,20
306,8,53
307,8,25
308,8,45
309,8,66
310,8,68
311,8,70
312,8,23
313,8,55
314,8,64
315,8,44
316,8,20
317,8,120
318,8,20
319,8,120
320,8,120
321,8,120
322,8,120
323,8,120
324,8,40
325,8,40
326,8,50
327,8,40
328,8,40
329,8,40
330,8,50
331,8,50
332,8,20
333,8,20
334,8,120
335,8,120
336,8,120
337,8,120
338,8,120
339,8,40
340,8,120
341,8,25
342,8,40
343,8,20
344,8,40
345,8,65
346,8,25
347,8,25
348,8,20
349,8,20
350,8,120
351,8,120
352,8,90
353,8,20
354,8,40
355,8,50
356,8,58
357,8,40
358,8,50
359,8,20
360,8,120
361,8,120
362,8,120
363,8,58
364,8,58
365,8,30
366,8,120
367,8,95
368,8,20
369,8,20
370,8,20
371,8,55
372,8,30
373,8,20
374,8,20
375,8,55
376,8,25
377,8,40
378,8,120
379,8,120
380,8,20
381,8,120
382,8,120
383,8,120
384,8,120
385,8,25
386,8,20
387,8,20
388,8,32
389,8,120
390,8,120
391,8,120
392,8,120
393,8,30
394,8,120
395,8,120
396,8,120
397,8,120
398,8,120
399,8,120
400,8,120
401,8,25
402,8,25
403,8,120
404,8,20
405,8,120
406,8,45
407,8,120
408,8,120
409,8,120
410,8,120
411,8,120
412,8,120
413,8,120
414,8,20
415,8,120
416,8,120
417,8,120
418,8,20
419,8,120
420,8,120
421,8,120
422,8,120
423,8,120
424,8,120
425,8,120
426,8,120
427,8,120
428,8,20
429,8,73
430,8,20
431,8,50
432,8,120
433,8,120
434,8,120
435,8,120
436,8,120
437,8,120
438,8,120
439,8,120
440,8,120
441,8,120
442,8,120
443,8,120
444,8,120
445,8,120
446,8,120
447,8,120
448,8,120
449,8,120
450,8,120
451,8,120
452,8,120
453,8,120
454,8,120
455,8,120
456,8,20
457,8,120
458,8,65
459,8,120
460,8,120
461,8,120
462,8,65
463,8,120
464,8,120
465,8,120
466,8,65
467,8,120
468,8,120
469,8,23
470,8,120
471,8,120
472,8,120
473,8,63
474,8,120
475,8,30
476,8,120
477,8,50
478,8,120
479,8,65
480,8,120
481,8,20
482,8,120
483,8,120
484,8,120
485,8,120
486,8,120
487,8,120
488,8,120
489,8,120
490,8,120
491,8,120
492,8,111
493,8,120
494,8,20
495,8,120
496,8,120
497,8,120
498,8,120
499,8,120
500,8,55
501,8,120
502,8,120
503,8,120
504,8,120
505,8,120
506,8,120
507,8,120
508,8,120
509,8,120
510,8,120
511,8,120
512,8,120
513,8,120
514,8,120
515,8,120
516,8,40
517,8,50
518,8,40
519,8,30
520,8,45
521,8,55
522,8,40
523,8,25
524,8,40
525,8,75
526,8,40
527,8,65
528,8,50
529,8,40
530,8,45
531,8,45
532,8,20
533,8,20
534,8,20
535,8,120
536,8,55
0,9,120
1,9,20
2,9,20
3,9,20
4,9,120
5,9,120
6,9,20
7,9,20
8,9,25
9,9,20
10,9,20
11,9,20
12,9,20
13,9,20
14,9,20
15,9,20
16,9,120
17,9,120
18,9,120
19,9,120
20,9,25
21,9,120
22,9,120
23,9,120
24,9,120
25,9,120
26,9,40
27,9,30
28,9,55
29,9,20
30,9,20
31,9,20
32,9,120
33,9,20
34,9,20
35,9,120
36,9,120
37,9,20
38,9,20
39,9,20
40,9,120
41,9,120
42,9,20
43,9,20
44,9,20
45,9,20
46,9,20
47,9,20
48,9,40
49,9,20
50,9,20
51,9,20
52,9,55
53,9,120
54,9,120
55,9,120
56,9,120
57,9,30
58,9,20
59,9,20
60,9,30
61,9,30
62,9,30
63,9,30
64,9,30
65,9,30
66,9,30
67,9,30
68,9,30
69,9,30
70,9,120
71,9,120
72,9,120
73,9,20
74,9,20
75,9,25
76,9,20
77,9,120
78,9,120
79,9,120
80,9,120
81,9,120
82,9,120
83,9,30
84,9,25
85,9,55
86,9,56
87,9,40
88,9,20
89,9,84
90,9,20
91,9,111
92,9,70
93,9,88
94,9,25
95,9,120
96,9,30
97,9,30
98,9,100
99,9,20
100,9,50
101,9,55
102,9,30
103,9,40
104,9,70
105,9,80
106,9,80
107,9,75
108,9,90
109,9,45
110,9,70
111,9,70
112,9,25
113,9,30
114,9,20
115,9,55
116,9,120
117,9,120
118,9,55
119,9,30
120,9,25
121,9,40
122,9,40
123,9,40
124,9,40
125,9,58
126,9,40
127,9,40
128,9,55
129,9,55
130,9,55
131,9,55
132,9,40
133,9,55
134,9,55
135,9,55
136,9,30
137,9,35
138,9,45
139,9,55
140,9,55
141,9,30
142,9,120
143,9,20
144,9,65
145,9,35
146,9,45
147,9,20
148,9,20
149,9,20
150,9,20
151,9,20
152,9,72
153,9,20
154,9,30
155,9,50
156,9,50
157,9,120
158,9,78
159,9,40
160,9,48
161,9,65
162,9,88
163,9,74
164,9,40
165,9,120
166,9,20
167,9,20
168,9,75
169,9,73
170,9,62
171,9,70
172,9,50
173,9,120
174,9,60
175,9,20
176,9,120
177,9,35
178,9,65
179,9,25
180,9,25
181,9,20
182,9,53
183,9,20
184,9,73
185,9,65
186,9,20
187,9,20
188,9,20
189,9,20
190,9,20
191,9,100
192,9,23
193,9,30
194,9,105
195,9,45
196,9,45
197,9,20
198,9,20
199,9,80
200,9,50
201,9,80
202,9,120
203,9,20
204,9,45
205,9,62
206,9,62
207,9,20
208,9,20
209,9,20
210,9,70
211,9,93
212,9,20
213,9,23
214,9,53
215,9,20
216,9,30
217,9,20
218,9,120
219,9,113
220,9,25
221,9,120
222,9,33
223,9,90
224,9,53
225,9,55
226,9,53
227,9,65
228,9,50
229,9,40
230,9,25
231,9,38
232,9,25
233,9,45
234,9,40
235,9,55
236,9,38
237,9,45
238,9,40
239,9,45
240,9,25
241,9,57
242,9,30
243,9,120
244,9,120
245,9,120
246,9,120
247,9,120
248,9,120
249,9,50
250,9,120
251,9,20
252,9,55
253,9,25
254,9,55
255,9,53
256,9,116
257,9,40
258,9,50
259,9,20
260,9,60
261,9,75
262,9,50
263,9,20
264,9,30
265,9,73
266,9,25
267,9,77
268,9,25
269,9,20
270,9,20
271,9,90
272,9,20
273,9,20
274,9,20
275,9,20
276,9,120
277,9,20
278,9,50
279,9,50
280,9,20
281,9,116
282,9,50
283,9,95
284,9,20
285,9,25
286,9,50
287,9,20
288,9,100
289,9,30
290,9,120
291,9,120
292,9,38
293,9,80
294,9,65
295,9,55
296,9,25
297,9,55
298,9,65
299,9,50
300,9,116
301,9,50
302,9,25
303,9,55
304,9,75
305,9,20
306,9,53
307,9,25
308,9,45
309,9,66
310,9,68
311,9,70
312,9,23
313,9,55
314,9,64
315,9,44
316,9,20
317,9,120
318,9,20
319,9,120
320,9,120
321,9,120
322,9,120
323,9,120
324,9,40
325,9,40
326,9,50
327,9,40
328,9,40
329,9,40
330,9,50
331,9,50
332,9,20
333,9,20
334,9,120
335,9,120
336,9,120
337,9,120
338,9,120
339,9,40
340,9,120
341,9,25
342,9,40
343,9,20
344,9,40
345,9,65
346,9,25
347,9,25
348,9,20
349,9,20
350,9,120
351,9,120
352,9,90
353,9,20
354,9,40
355,9,50
356,9,58
357,9,40
358,9,50
359,9,20
360,9,120
361,9,120
362,9,120
363,9,58
364,9,58
365,9,30
366,9,120
367,9,95
368,9,20
369,9,20
370,9,20
371,9,55
372,9,30
373,9,20
374,9,20
375,9,55
376,9,25
377,9,40
378,9,120
379,9,120
380,9,20
381,9,120
382,9,120
383,9,120
384,9,120
385,9,25
386,9,20
387,9,20
388,9,32
389,9,120
390,9,120
391,9,120
392,9,120
393,9,30
394,9,120
395,9,120
396,9,120
397,9,120
398,9,120
399,9,120
400,9,120
401,9,25
402,9,25
403,9,120
404,9,20
405,9,120
406,9,45
407,9,120
408,9,120
409,9,120
410,9,120
411,9,120
412,9,120
413,9,120
414,9,20
415,9,120
416,9,120
417,9,120
418,9,20
419,9,120
420,9,120
421,9,120
422,9,120
423,9,120
424,9,120
425,9,120
426,9,120
427,9,120
428,9,20
429,9,73
430,9,20
431,9,50
432,9,120
433,9,120
434,9,120
435,9,120
436,9,120
437,9,120
438,9,120
439,9,120
440,9,120
441,9,120
442,9,120
443,9,120
444,9,120
445,9,120
446,9,120
447,9,120
448,9,120
449,9,120
450,9,120
451,9,120
452,9,120
453,9,120
454,9,120
455,9,120
456,9,20
457,9,120
458,9,65
459,9,120
460,9,120
461,9,120
462,9,65
463,9,120
464,9,120
465,9,120
466,9,65
467,9,120
468,9,120
469,9,23
470,9,120
471,9,120
472,9,120
473,9,63
474,9,120
475,9,30
476,9,120
477,9,50
478,9,120
479,9,65
480,9,120
481,9,20
482,9,120
483,9,120
484,9,120
485,9,120
486,9,120
487,9,120
488,9,120
489,9,120
490,9,120
491,9,120
492,9,111
493,9,120
494,9,20
495,9,120
496,9,120
497,9,120
498,9,120
499,9,120
500,9,55
501,9,120
502,9,120
503,9,120
504,9,120
505,9,120
506,9,120
507,9,120
508,9,120
509,9,120
510,9,120
511,9,120
512,9,120
513,9,120
514,9,120
515,9,120
516,9,40
517,9,50
518,9,40
519,9,30
520,9,45
521,9,55
522,9,40
523,9,25
524,9,40
525,9,75
526,9,40
527,9,65
528,9,50
529,9,40
530,9,45
531,9,45
532,9,20
533,9,20
534,9,20
535,9,120
536,9,55
0,10,120
1,10,20
2,10,20
3,10,20
4,10,120
5,10,120
6,10,20
7,10,20
8,10,25
9,10,20
10,10,20
11,10,20
12,10,20
13,10,20
14,10,20
15,10,20
16,10,120
17,10,120
18,10,120
19,10,120
20,10,25
21,10,120
22,10,120
23,10,120
24,10,120
25,10,120
26,10,40
27,10,30
28,10,55
29,10,20
30,10,20
31,10,20
32,10,120
33,10,20
34,10,20
35,10,120
36,10,120
37,10,20
38,10,20
39,10,20
40,10,120
41,10,120
42,10,20
43,10,20
44,10,20
45,10,20
46,10,20
47,10,20
48,10,40
49,10,20
50,10,20
51,10,20
52,10,55
53,10,120
54,10,120
55,10,120
56,10,120
57,10,30
58,10,20
59,10,20
60,10,30
61,10,30
62,10,30
63,10,30
64,10,30
65,10,30
66,10,30
67,10,30
68,10,30
69,10,30
70,10,120
71,10,120
72,10,120
73,10,20
74,10,20
75,10,25
76,10,20
77,10,120
78,10,120
79,10,120
80,10,120
81,10,120
82,10,120
83,10,30
84,10,25
85,10,55
86,10,56
87,10,40
88,10,20
89,10,84
90,10,20
91,10,111
92,10,70
93,10,88
94,10,25
95,10,120
96,10,30
97,10,30
98,10,100
99,10,20
100,10,50
101,10,55
102,10,30
103,10,40
104,10,70
105,10,80
106,10,80
107,10,75
108,10,90
109,10,45
110,10,70
111,10,70
112,10,25
113,10,30
114,10,20
115,10,55
116,10,120
117,10,120
118,10,55
119,10,30
120,10,25
121,10,40
122,10,40
123,10,40
124,10,40
125,10,58
126,10,40
127,10,40
128,10,55
129,10,55
130,10,55
131,10,55
132,10,40
133,10,55
134,10,55
135,10,55
136,10,30
137,10,35
138,10,45
139,10,55
140,10,55
141,10,30
142,10,120
143,10,20
144,10,65
145,10,35
146,10,45
147,10,20
148,10,20
149,10,20
150,10,20
151,10,20
152,10,72
153,10,20
154,10,30
155,10,50
156,10,50
157,10,120
158,10,78
159,10,40
160,10,48
161,10,65
162,10,88
163,10,74
164,10,40
165,10,120
166,10,20
167,10,20
168,10,75
169,10,73
170,10,62
171,10,70
172,10,50
173,10,120
174,10,60
175,10,20
176,10,120
177,10,35
178,10,65
179,10,25
180,10,25
181,10,20
182,10,53
183,10,20
184,10,73
185,10,65
186,10,20
187,10,20
188,10,20
189,10,20
190,10,20
191,10,100
192,10,23
193,10,30
194,10,105
195,10,45
196,10,45
197,10,20
198,10,20
199,10,80
200,10,50
201,10,80
202,10,120
203,10,20
204,10,45
205,10,62
206,10,62
207,10,20
208,10,20
209,10,20
210,10,70
211,10,93
212,10,20
213,10,23
214,10,53
215,10,20
216,10,30
217,10,20
218,10,120
219,10,113
220,10,25
221,10,120
222,10,33
223,10,90
224,10,53
225,10,55
226,10,53
227,10,65
228,10,50
229,10,40
230,10,25
231,10,38
232,10,25
233,10,45
234,10,40
235,10,55
236,10,38
237,10,45
238,10,40
239,10,45
240,10,25
241,10,57
242,10,30
243,10,120
244,10,120
245,10,120
246,10,120
247,10,120
248,10,120
249,10,50
250,10,120
251,10,20
252,10,55
253,10,25
254,10,55
255,10,53
256,10,116
257,10,40
258,10,50
259,10,20
260,10,60
261,10,75
262,10,50
263,10,20
264,10,30
265,10,73
266,10,25
267,10,77
268,10,25
269,10,20
270,10,20
271,10,90
272,10,20
273,10,20
274,10,20
275,10,20
276,10,120
277,10,20
278,10,50
279,10,50
280,10,20
281,10,116
282,10,50
283,10,95
284,10,20
285,10,25
286,10,50
287,10,20
288,10,100
289,10,30
290,10,120
291,10,120
292,10,38
293,10,80
294,10,65
295,10,55
296,10,25
297,10,55
298,10,65
299,10,50
300,10,116
301,10,50
302,10,25
303,10,55
304,10,75
305,10,20
306,10,53
307,10,25
308,10,45
309,10,66
310,10,68
311,10,70
312,10,23
313,10,55
314,10,64
315,10,44
316,10,20
317,10,120
318,10,20
319,10,120
320,10,120
321,10,120
322,10,120
323,10,120
324,10,40
325,10,40
326,10,50
327,10,40
328,10,40
329,10,40
330,10,50
331,10,50
332,10,20
333,10,20
334,10,120
335,10,120
336,10,120
337,10,120
338,10,120
339,10,40
340,10,120
341,10,25
342,10,40
343,10,20
344,10,40
345,10,65
346,10,25
347,10,25
348,10,20
349,10,20
350,10,120
351,10,120
352,10,90
353,10,20
354,10,40
355,10,50
356,10,58
357,10,40
358,10,50
359,10,20
360,10,120
361,10,120
362,10,120
363,10,58
364,10,58
365,10,30
366,10,120
367,10,95
368,10,20
369,10,20
370,10,20
371,10,55
372,10,30
373,10,20
374,10,20
375,10,55
376,10,25
377,10,40
378,10,120
379,10,120
380,10,20
381,10,120
382,10,120
383,10,120
384,10,120
385,10,25
386,10,20
387,10,20
388,10,32
389,10,120
390,10,120
391,10,120
392,10,120
393,10,30
394,10,120
395,10,120
396,10,120
397,10,120
398,10,120
399,10,120
400,10,120
401,10,25
402,10,25
403,10,120
404,10,20
405,10,120
406,10,45
407,10,120
408,10,120
409,10,120
410,10,120
411,10,120
412,10,120
413,10,120
414,10,20
415,10,120
416,10,120
417,10,120
418,10,20
419,10,120
420,10,120
421,10,120
422,10,120
423,10,120
424,10,120
425,10,120
426,10,120
427,10,120
428,10,20
429,10,73
430,10,20
431,10,50
432,10,120
433,10,120
434,10,120
435,10,120
436,10,120
437,10,120
438,10,120
439,10,120
440,10,120
441,10,120
442,10,120
443,10,120
444,10,120
445,10,120
446,10,120
447,10,120
448,10,120
449,10,120
450,10,120
451,10,120
452,10,120
453,10,120
454,10,120
455,10,120
456,10,20
457,10,120
458,10,65
459,10,120
460,10,120
461,10,120
462,10,65
463,10,120
464,10,120
465,10,120
466,10,65
467,10,120
468,10,120
469,10,23
470,10,120
471,10,120
472,10,120
473,10,63
474,10,120
475,10,30
476,10,120
477,10,50
478,10,120
479,10,65
480,10,120
481,10,20
482,10,120
483,10,120
484,10,120
485,10,120
486,10,120
487,10,120
488,10,120
489,10,120
490,10,120
491,10,120
492,10,111
493,10,120
494,10,20
495,10,120
496,10,120
497,10,120
498,10,120
499,10,120
500,10,55
501,10,120
502,10,120
503,10,120
504,10,120
505,10,120
506,10,120
507,10,120
508,10,120
509,10,120
510,10,120
511,10,120
512,10,120
513,10,120
514,10,120
515,10,120
516,10,40
517,10,50
518,10,40
519,10,30
520,10,45
521,10,55
522,10,40
523,10,25
524,10,40
525,10,75
526,10,40
527,10,65
528,10,50
529,10,40
530,10,45
531,10,45
532,10,20
533,10,20
534,10,20
535,10,120
536,10,55
0,11,120
1,11,20
2,11,20
3,11,20
4,11,120
5,11,120
6,11,20
7,11,20
8,11,25
9,11,20
10,11,20
11,11,20
12,11,20
13,11,20
14,11,20
15,11,20
16,11,120
17,11,120
18,11,120
19,11,120
20,11,25
21,11,120
22,11,120
23,11,120
24,11,120
25,11,120
26,11,40
27,11,30
28,11,55
29,11,20
30,11,20
31,11,20
32,11,120
33,11,20
34,11,20
35,11,120
36,11,120
37,11,20
38,11,20
39,11,20
40,11,120
41,11,120
42,11,20
43,11,20
44,11,20
45,11,20
46,11,20
47,11,20
48,11,40
49,11,20
50,11,20
51,11,20
52,11,55
53,11,120
54,11,120
55,11,120
56,11,120
57,11,30
58,11,20
59,11,20
60,11,30
61,11,30
62,11,30
63,11,30
64,11,30
65,11,30
66,11,30
67,11,30
68,11,30
69,11,30
70,11,120
71,11,120
72,11,120
73,11,20
74,11,20
75,11,25
76,11,20
77,11,120
78,11,120
79,11,120
80,11,120
81,11,120
82,11,120
83,11,30
84,11,25
85,11,55
86,11,56
87,11,40
88,11,20
89,11,84
90,11,20
91,11,111
92,11,70
93,11,88
94,11,25
95,11,120
96,11,30
97,11,30
98,11,100
99,11,20
100,11,50
101,11,55
102,11,30
103,11,40
104,11,70
105,11,80
106,11,80
107,11,75
108,11,90
109,11,45
110,11,70
111,11,70
112,11,25
113,11,30
114,11,20
115,11,55
116,11,120
117,11,120
118,11,55
119,11,30
120,11,25
121,11,40
122,11,40
123,11,40
124,11,40
125,11,58
126,11,40
127,11,40
128,11,55
129,11,55
130,11,55
131,11,55
132,11,40
133,11,55
134,11,55
135,11,55
136,11,30
137,11,35
138,11,45
139,11,55
140,11,55
141,11,30
142,11,120
143,11,20
144,11,65
145,11,35
146,11,45
147,11,20
148,11,20
149,11,20
150,11,20
151,11,20
152,11,72
153,11,20
154,11,30
155,11,50
156,11,50
157,11,120
158,11,78
159,11,40
160,11,48
161,11,65
162,11,88
163,11,74
164,11,40
165,11,120
166,11,20
167,11,20
168,11,75
169,11,73
170,11,62
171,11,70
172,11,50
173,11,120
174,11,60
175,11,20
176,11,120
177,11,35
178,11,65
179,11,25
180,11,25
181,11,20
182,11,53
183,11,20
184,11,73
185,11,65
186,11,20
187,11,20
188,11,20
189,11,20
190,11,20
191,11,100
192,11,23
193,11,30
194,11,105
195,11,45
196,11,45
197,11,20
198,11,20
199,11,80
200,11,50
201,11,80
202,11,120
203,11,20
204,11,45
205,11,62
206,11,62
207,11,20
208,11,20
209,11,20
210,11,70
211,11,93
212,11,20
213,11,23
214,11,53
215,11,20
216,11,30
217,11,20
218,11,120
219,11,113
220,11,25
221,11,120
222,11,33
223,11,90
224,11,53
225,11,55
226,11,53
227,11,65
228,11,50
229,11,40
230,11,25
231,11,38
232,11,25
233,11,45
234,11,40
235,11,55
236,11,38
237,11,45
238,11,40
239,11,45
240,11,25
241,11,57
242,11,30
243,11,120
244,11,120
245,11,120
246,11,120
247,11,120
248,11,120
249,11,50
250,11,120
251,11,20
252,11,55
253,11,25
254,11,55
255,11,53
256,11,116
257,11,40
258,11,50
259,11,20
260,11,60
261,11,75
262,11,50
263,11,20
264,11,30
265,11,73
266,11,25
267,11,77
268,11,25
269,11,20
270,11,20
271,11,90
272,11,20
273,11,20
274,11,20
275,11,20
276,11,120
277,11,20
278,11,50
279,11,50
280,11,20
281,11,116
282,11,50
283,11,95
284,11,20
285,11,25
286,11,50
287,11,20
288,11,100
289,11,30
290,11,120
291,11,120
292,11,38
293,11,80
294,11,65
295,11,55
296,11,25
297,11,55
298,11,65
299,11,50
300,11,116
301,11,50
302,11,25
303,11,55
304,11,75
305,11,20
306,11,53
307,11,25
308,11,45
309,11,66
310,11,68
311,11,70
312,11,23
313,11,55
314,11,64
315,11,44
316,11,20
317,11,120
318,11,20
319,11,120
320,11,120
321,11,120
322,11,120
323,11,120
324,11,40
325,11,40
326,11,50
327,11,40
328,11,40
329,11,40
330,11,50
331,11,50
332,11,20
333,11,20
334,11,120
335,11,120
336,11,120
337,11,120
338,11,120
339,11,40
340,11,120
341,11,25
342,11,40
343,11,20
344,11,40
345,11,65
346,11,25
347,11,25
348,11,20
349,11,20
350,11,120
351,11,120
352,11,90
353,11,20
354,11,40
355,11,50
356,11,58
357,11,40
358,11,50
359,11,20
360,11,120
361,11,120
362,11,120
363,11,58
364,11,58
365,11,30
366,11,120
367,11,95
368,11,20
369,11,20
370,11,20
371,11,55
372,11,30
373,11,20
374,11,20
375,11,55
376,11,25
377,11,40
378,11,120
379,11,120
380,11,20
381,11,120
382,11,120
383,11,120
384,11,120
385,11,25
386,11,20
387,11,20
388,11,32
389,11,120
390,11,120
391,11,120
392,11,120
393,11,30
394,11,120
395,11,120
396,11,120
397,11,120
398,11,120
399,11,120
400,11,120
401,11,25
402,11,25
403,11,120
404,11,20
405,11,120
406,11,45
407,11,120
408,11,120
409,11,120
410,11,120
411,11,120
412,11,120
413,11,120
414,11,20
415,11,120
416,11,120
417,11,120
418,11,20
419,11,120
420,11,120
421,11,120
422,11,120
423,11,120
424,11,120
425,11,120
426,11,120
427,11,120
428,11,20
429,11,73
430,11,20
431,11,50
432,11,120
433,11,120
434,11,120
435,11,120
436,11,120
437,11,120
438,11,120
439,11,120
440,11,120
441,11,120
442,11,120
443,11,120
444,11,120
445,11,120
446,11,120
447,11,120
448,11,120
449,11,120
450,11,120
451,11,120
452,11,120
453,11,120
454,11,120
455,11,120
456,11,20
457,11,120
458,11,65
459,11,120
460,11,120
461,11,120
462,11,65
463,11,120
464,11,120
465,11,120
466,11,65
467,11,120
468,11,120
469,11,23
470,11,120
471,11,120
472,11,120
473,11,63
474,11,120
475,11,30
476,11,120
477,11,50
478,11,120
479,11,65
480,11,120
481,11,20
482,11,120
483,11,120
484,11,120
485,11,120
486,11,120
487,11,120
488,11,120
489,11,120
490,11,120
491,11,120
492,11,111
493,11,120
494,11,20
495,11,120
496,11,120
497,11,120
498,11,120
499,11,120
500,11,55
501,11,120
502,11,120
503,11,120
504,11,120
505,11,120
506,11,120
507,11,120
508,11,120
509,11,120
510,11,120
511,11,120
512,11,120
513,11,120
514,11,120
515,11,120
516,11,40
517,11,50
518,11,40
519,11,30
520,11,45
521,11,55
522,11,40
523,11,25
524,11,40
525,11,75
526,11,40
527,11,65
528,11,50
529,11,40
530,11,45
531,11,45
532,11,20
533,11,20
534,11,20
535,11,120
536,11,55
